{
    "result": {
        "feedID": "1",
        "feedName": "Seasonality",
        "columns": [
            {
                "columnName": "c11",
                "columnID": "1",
                "dataType": "String",
                "dataFormat": "",
                "startDate": "",
                "endDate": "",
                "userId": "Sahil Gujral",
                "showRule": true,
                "rules": [
                    {
                        "columnName": "c11",
                        "columnID": "1",
                        "ruleID": "3",
                        "ruleParameter": "23",
                        "pastRuns": "23",
                        "userID": "Sahil Gujral",
                        "startDate": "",
                        "endDate": "",
                        "thresholdType": "Absolute",
                        "minAlertThreshold": 233,
                        "minAbortThreshold": 445,
                        "maxAlertThreshold": 55,
                        "maxAbortThreshold": 555
                    },
                    {
                        "columnName": "c11",
                        "columnID": "1",
                        "ruleID": "9",
                        "ruleParameter": "23:56",
                        "pastRuns": "34",
                        "userID": "Sahil Gujral",
                        "startDate": "",
                        "endDate": "",
                        "thresholdType": "Percentage",
                        "minAlertThreshold": 23,
                        "minAbortThreshold": 56,
                        "maxAlertThreshold": 33,
                        "maxAbortThreshold": 66
                    }
                ]
            },
            {
                "columnName": "c12",
                 "columnID": "2",
                "dataType": "DateTime",
                "dataFormat": "dd/mm/yyyy",
                "startDate": "",
                "endDate": "",
                "userId": "Sahil Gujral",
                "showRule": true,
                "rules": [
                    {
                        "columnName": "c12",
                        "columnID": "2",
                        "ruleID": "10",
                        "ruleParameter": [
                            "23",
                            "45",
                            "45"
                        ],
                        "pastRuns": "34",
                        "userID": "Sahil Gujral",
                        "startDate": "",
                        "endDate": "",
                        "thresholdType": "StandardDeviation",
                        "minAlertThreshold": -34,
                        "minAbortThreshold": 54,
                        "maxAlertThreshold": -45,
                        "maxAbortThreshold": 56
                    }
                ]
            },
            {
                "columnName": "c13",
                 "columnID": "3",
                "dataType": "DateTime",
                "dataFormat": "dd/mm/yyyy",
                "startDate": "",
                "endDate": "",
                "userId": "Sahil Gujral",
                "showRule": true,
                "rules": [
                    {
                        "columnName": "c12",
                        "columnID": "3",
                        "ruleID": "10",
                        "ruleParameter": [
                            "23",
                            "45",
                            "45"
                        ],
                        "pastRuns": "34",
                        "userID": "Sahil Gujral",
                        "startDate": "",
                        "endDate": "",
                        "thresholdType": "StandardDeviation",
                        "minAlertThreshold": -34,
                        "minAbortThreshold": 54,
                        "maxAlertThreshold": -45,
                        "maxAbortThreshold": 56
                    }
                ]
            },
            {
                "columnName": "c14",
                 "columnID": "4",
                "dataType": "DateTime",
                "dataFormat": "dd/mm/yyyy",
                "startDate": "",
                "endDate": "",
                "userId": "Sahil Gujral",
                "showRule": true,
                "rules": [
                    {
                        "columnName": "c12",
                        "columnID": "4",
                        "ruleID": "10",
                        "ruleParameter": [
                            "23",
                            "45",
                            "45"
                        ],
                        "pastRuns": "34",
                        "userID": "Sahil Gujral",
                        "startDate": "",
                        "endDate": "",
                        "thresholdType": "StandardDeviation",
                        "minAlertThreshold": -34,
                        "minAbortThreshold": 54,
                        "maxAlertThreshold": -45,
                        "maxAbortThreshold": 56
                    }
                ]
            }
        ]
    },
    "status": {
        "responseMessage": "Success",
        "responseType": "info",
        "responseCode": 200
    }
}