{
    "result": {
        "feedList": [
            {
                "feedID": 1,
                "feedName": "SBFE",
                "columnList": [
                    {
                        "columnID": 1,
                        "columnName": "Column Name 1",
                        "ruleList": [
                            {
                                "ruleID": 1,
                                "ruleName": "Rule 11"
                            },
                            {
                                "ruleID": 2,
                                "ruleName": "Rule 12"
                            },
                            {
                                "ruleID": 3,
                                "ruleName": "Rule 13"
                            },
                            {
                                "ruleID": 4,
                                "ruleName": "Rule 14"
                            }
                        ],
                        "statsList":[
                            {
                                "statID": 3,
                                "statName": "Stat 13"
                            },
                            {
                                "statID": 5,
                                "statName": "Stat 15"
                            },
                            {
                                "statID": 4,
                                "statName": "Stat 14"
                            },
                            {
                                "statID": 6,
                                "statName": "Stat 16"
                            }
                        ]
                    },
                    {
                        "columnID": 2,
                        "columnName": "Column Name 2",
                         "ruleList": [
                            {
                                "ruleID": 21,
                                "ruleName": "Rule 21"
                            },
                            {
                                "ruleID": 22,
                                "ruleName": "Rule 22"
                            },
                            {
                                "ruleID": 23,
                                "ruleName": "Rule 23"
                            },
                            {
                                "ruleID": 24,
                                "ruleName": "Rule 24"
                            },
                            {
                                "ruleID": 25,
                                "ruleName": "Rule 25"
                            },
                            {
                                "ruleID": 26,
                                "ruleName": "Rule 26"
                            }
                        ],
                        "statsList":[
                            {
                                "statID": 23,
                                "statName": "Stat 23"
                            },
                            {
                                "statID": 21,
                                "statName": "Stat 23"
                            },
                            {
                                "statID": 25,
                                "statName": "Stat 23"
                            },
                            {
                                "statID": 26,
                                "statName": "Stat 23"
                            }
                        ]
                    },
                    {
                        "columnID": 3,
                        "columnName": "Column Name 3",
                         "ruleList": [
                            {
                                "ruleID": 31,
                                "ruleName": "Rule 31"
                            },
                            {
                                "ruleID": 32,
                                "ruleName": "Rule 32"
                            },
                            {
                                "ruleID": 33,
                                "ruleName": "Rule 33"
                            },
                            {
                                "ruleID": 34,
                                "ruleName": "Rule 34"
                            }
                        ],
                        "statsList":[
                            {
                                "statID": 33,
                                "statName": "Stat 33"
                            },
                            {
                                "statID": 31,
                                "statName": "Stat 31"
                            },
                            {
                                "statID": 35,
                                "statName": "Stat 35"
                            },
                            {
                                "statID": 36,
                                "statName": "Stat 36"
                            }
                        ]
                    },
                    {
                        "columnID": 4,
                        "columnName": "Column Name 4",
                        "ruleList": [
                            {
                                "ruleID": 41,
                                "ruleName": "Rule 41"
                            },
                            {
                                "ruleID": 42,
                                "ruleName": "Rule 42"
                            },
                            {
                                "ruleID": 43,
                                "ruleName": "Rule 43"
                            },
                            {
                                "ruleID": 44,
                                "ruleName": "Rule 44"
                            }
                        ],
                        "statsList":[
                            {
                                "statID": 33,
                                "statName": "Stat 33"
                            },
                            {
                                "statID": 31,
                                "statName": "Stat 31"
                            },
                            {
                                "statID": 35,
                                "statName": "Stat 35"
                            },
                            {
                                "statID": 36,
                                "statName": "Stat 36"
                            }
                        ]
                    },
                    {
                        "columnID": 5,
                        "columnName": "Column Name 5",
                        "ruleList": [
                            {
                                "ruleID": 51,
                                "ruleName": "Rule 51"
                            },
                            {
                                "ruleID": 52,
                                "ruleName": "Rule 52"
                            },
                            {
                                "ruleID": 53,
                                "ruleName": "Rule 53"
                            },
                            {
                                "ruleID": 54,
                                "ruleName": "Rule 54"
                            }
                        ],
                        "statsList":[
                            {
                                "statID": 33,
                                "statName": "Stat 33"
                            },
                            {
                                "statID": 31,
                                "statName": "Stat 31"
                            },
                            {
                                "statID": 35,
                                "statName": "Stat 35"
                            },
                            {
                                "statID": 36,
                                "statName": "Stat 36"
                            }
                        ]
                    }
                ]
            },
            {
                "feedID": 2,
                "feedName": "Foxhound",
                "columnList": [
                    {
                        "columnID": 11,
                        "columnName": "Column Name 11",
                        "ruleList": [
                            {
                                "ruleID": 41,
                                "ruleName": "Rule 41"
                            },
                            {
                                "ruleID": 42,
                                "ruleName": "Rule 42"
                            },
                            {
                                "ruleID": 43,
                                "ruleName": "Rule 43"
                            },
                            {
                                "ruleID": 44,
                                "ruleName": "Rule 44"
                            }
                        ],
                        "statsList":[
                            {
                                "statID": 33,
                                "statName": "Stat 33"
                            },
                            {
                                "statID": 31,
                                "statName": "Stat 31"
                            },
                            {
                                "statID": 35,
                                "statName": "Stat 35"
                            },
                            {
                                "statID": 36,
                                "statName": "Stat 36"
                            }
                        ]
                    },
                    {
                        "columnID": 22,
                        "columnName": "Column Name 22",
                        "ruleList": [
                            {
                                "ruleID": 41,
                                "ruleName": "Rule 41"
                            },
                            {
                                "ruleID": 42,
                                "ruleName": "Rule 42"
                            },
                            {
                                "ruleID": 43,
                                "ruleName": "Rule 43"
                            },
                            {
                                "ruleID": 44,
                                "ruleName": "Rule 44"
                            }
                        ],
                        "statsList":[
                            {
                                "statID": 33,
                                "statName": "Stat 33"
                            },
                            {
                                "statID": 31,
                                "statName": "Stat 31"
                            },
                            {
                                "statID": 35,
                                "statName": "Stat 35"
                            },
                            {
                                "statID": 36,
                                "statName": "Stat 36"
                            }
                        ]
                    },
                    {
                        "columnID": 33,
                        "columnName": "Column Name 33",
                         "ruleList": [
                            {
                                "ruleID": 21,
                                "ruleName": "Rule 21"
                            },
                            {
                                "ruleID": 22,
                                "ruleName": "Rule 22"
                            },
                            {
                                "ruleID": 23,
                                "ruleName": "Rule 23"
                            },
                            {
                                "ruleID": 24,
                                "ruleName": "Rule 24"
                            },
                            {
                                "ruleID": 25,
                                "ruleName": "Rule 25"
                            },
                            {
                                "ruleID": 26,
                                "ruleName": "Rule 26"
                            }
                        ],
                        "statsList":[
                            {
                                "statID": 33,
                                "statName": "Stat 33"
                            },
                            {
                                "statID": 31,
                                "statName": "Stat 31"
                            },
                            {
                                "statID": 35,
                                "statName": "Stat 35"
                            },
                            {
                                "statID": 36,
                                "statName": "Stat 36"
                            }
                        ]
                    },
                    {
                        "columnID": 44,
                        "columnName": "Column Name 44",
                         "ruleList": [
                            {
                                "ruleID": 21,
                                "ruleName": "Rule 21"
                            },
                            {
                                "ruleID": 22,
                                "ruleName": "Rule 22"
                            },
                            {
                                "ruleID": 23,
                                "ruleName": "Rule 23"
                            },
                            {
                                "ruleID": 24,
                                "ruleName": "Rule 24"
                            },
                            {
                                "ruleID": 25,
                                "ruleName": "Rule 25"
                            },
                            {
                                "ruleID": 26,
                                "ruleName": "Rule 26"
                            }
                        ],
                        "statsList":[
                            {
                                "statID": 33,
                                "statName": "Stat 33"
                            },
                            {
                                "statID": 31,
                                "statName": "Stat 31"
                            },
                            {
                                "statID": 35,
                                "statName": "Stat 35"
                            },
                            {
                                "statID": 36,
                                "statName": "Stat 36"
                            }
                        ]
                    },
                    {
                        "columnID": 55,
                        "columnName": "Feed 55",
                         "ruleList": [
                            {
                                "ruleID": 21,
                                "ruleName": "Rule 21"
                            },
                            {
                                "ruleID": 22,
                                "ruleName": "Rule 22"
                            },
                            {
                                "ruleID": 23,
                                "ruleName": "Rule 23"
                            },
                            {
                                "ruleID": 24,
                                "ruleName": "Rule 24"
                            },
                            {
                                "ruleID": 25,
                                "ruleName": "Rule 25"
                            },
                            {
                                "ruleID": 26,
                                "ruleName": "Rule 26"
                            }
                        ],
                        "statsList":[
                            {
                                "statID": 33,
                                "statName": "Stat 33"
                            },
                            {
                                "statID": 31,
                                "statName": "Stat 31"
                            },
                            {
                                "statID": 35,
                                "statName": "Stat 35"
                            },
                            {
                                "statID": 36,
                                "statName": "Stat 36"
                            }
                        ]
                    }
                ]
            },
            {
                "feedID": 3,
                "feedName": "Laser",
                "columnList": [
                    {
                        "columnID": 111,
                        "columnName": "Column Name 111",
                         "ruleList": [
                            {
                                "ruleID": 21,
                                "ruleName": "Rule 21"
                            },
                            {
                                "ruleID": 22,
                                "ruleName": "Rule 22"
                            },
                            {
                                "ruleID": 23,
                                "ruleName": "Rule 23"
                            },
                            {
                                "ruleID": 24,
                                "ruleName": "Rule 24"
                            },
                            {
                                "ruleID": 25,
                                "ruleName": "Rule 25"
                            },
                            {
                                "ruleID": 26,
                                "ruleName": "Rule 26"
                            }
                        ],
                        "statsList":[
                            {
                                "statID": 33,
                                "statName": "Stat 33"
                            },
                            {
                                "statID": 31,
                                "statName": "Stat 31"
                            },
                            {
                                "statID": 35,
                                "statName": "Stat 35"
                            },
                            {
                                "statID": 36,
                                "statName": "Stat 36"
                            }
                        ]
                    },
                    {
                        "columnID": 222,
                        "columnName": "Column Name 222",
                         "ruleList": [
                            {
                                "ruleID": 21,
                                "ruleName": "Rule 21"
                            },
                            {
                                "ruleID": 22,
                                "ruleName": "Rule 22"
                            },
                            {
                                "ruleID": 23,
                                "ruleName": "Rule 23"
                            },
                            {
                                "ruleID": 24,
                                "ruleName": "Rule 24"
                            },
                            {
                                "ruleID": 25,
                                "ruleName": "Rule 25"
                            },
                            {
                                "ruleID": 26,
                                "ruleName": "Rule 26"
                            }
                        ],
                        "statsList":[
                            {
                                "statID": 33,
                                "statName": "Stat 33"
                            },
                            {
                                "statID": 31,
                                "statName": "Stat 31"
                            },
                            {
                                "statID": 35,
                                "statName": "Stat 35"
                            },
                            {
                                "statID": 36,
                                "statName": "Stat 36"
                            }
                        ]
                    },
                    {
                        "columnID": 333,
                        "columnName": "Column Name 333",
                         "ruleList": [
                            {
                                "ruleID": 21,
                                "ruleName": "Rule 21"
                            },
                            {
                                "ruleID": 22,
                                "ruleName": "Rule 22"
                            },
                            {
                                "ruleID": 23,
                                "ruleName": "Rule 23"
                            },
                            {
                                "ruleID": 24,
                                "ruleName": "Rule 24"
                            },
                            {
                                "ruleID": 25,
                                "ruleName": "Rule 25"
                            },
                            {
                                "ruleID": 26,
                                "ruleName": "Rule 26"
                            }
                        ],
                        "statsList":[
                            {
                                "statID": 33,
                                "statName": "Stat 33"
                            },
                            {
                                "statID": 31,
                                "statName": "Stat 31"
                            },
                            {
                                "statID": 35,
                                "statName": "Stat 35"
                            },
                            {
                                "statID": 36,
                                "statName": "Stat 36"
                            }
                        ]
                    },
                    {
                        "columnID": 444,
                        "columnName": "Column Name 444",
                         "ruleList": [
                            {
                                "ruleID": 21,
                                "ruleName": "Rule 21"
                            },
                            {
                                "ruleID": 22,
                                "ruleName": "Rule 22"
                            },
                            {
                                "ruleID": 23,
                                "ruleName": "Rule 23"
                            },
                            {
                                "ruleID": 24,
                                "ruleName": "Rule 24"
                            },
                            {
                                "ruleID": 25,
                                "ruleName": "Rule 25"
                            },
                            {
                                "ruleID": 26,
                                "ruleName": "Rule 26"
                            }
                        ],
                        "statsList":[
                            {
                                "statID": 33,
                                "statName": "Stat 33"
                            },
                            {
                                "statID": 31,
                                "statName": "Stat 31"
                            },
                            {
                                "statID": 35,
                                "statName": "Stat 35"
                            },
                            {
                                "statID": 36,
                                "statName": "Stat 36"
                            }
                        ]
                    },
                    {
                        "columnID": 555,
                        "columnName": "Feed 555",
                         "ruleList": [
                            {
                                "ruleID": 21,
                                "ruleName": "Rule 21"
                            },
                            {
                                "ruleID": 22,
                                "ruleName": "Rule 22"
                            },
                            {
                                "ruleID": 23,
                                "ruleName": "Rule 23"
                            },
                            {
                                "ruleID": 24,
                                "ruleName": "Rule 24"
                            },
                            {
                                "ruleID": 25,
                                "ruleName": "Rule 25"
                            },
                            {
                                "ruleID": 26,
                                "ruleName": "Rule 26"
                            }
                        ],
                        "statsList":[
                            {
                                "statID": 33,
                                "statName": "Stat 33"
                            },
                            {
                                "statID": 31,
                                "statName": "Stat 31"
                            },
                            {
                                "statID": 35,
                                "statName": "Stat 35"
                            },
                            {
                                "statID": 36,
                                "statName": "Stat 36"
                            }
                        ]
                    }
                ]
            }
        ]
    },
    "status": {
        "responseMessage": "Success",
        "responseType": "info",
        "responseCode": 200
    }
}