{
    "result": {
        "feed_name": "test feed",
        "feed_frequency": "weekly",
        "file_format": "DELIMITER",
        "file_format_delimited": "CONTROL-A",
        "record_delimiter": "New Line",
        "threshold_type": "Absolute",
        "alert_threshold_min": "233",
        "alert_threshold_max": "444",
        "abort_threshold_min": "333",
        "abort_threshold_max": "444",
        "past_runs": "23",
        "start_date": "07/16/2015",
        "end_date": "12/31/2031",
        "email_id": "sdfd@dedd.kik"
    },
    "status": {
        "responseMessage": "Success",
        "responseType": "info",
        "responseCode": 200
    }
}