{
  "feedID": "157",
  "pastRuns": "10",
  "dataset": [
    {
      "seriesname": "Volume",
      "data": [
        {
          "value": "6910164"
        },
        {
          "value": "6910164"
        },
        {
          "value": "6913514"
        },
        {
          "value": "6913266"
        },
        {
          "value": "6917523"
        },
        {
          "value": "6920284"
        },
        {
          "value": "6919859"
        },
        {
          "value": "6919861"
        },
        {
          "value": "6919861"
        },
        {
          "value": "6920640"
        }
      ]
    },
    {
      "seriesname": "Max Alert Threshold",
      "data": [
        {
          "value": "8292196.8"
        },
        {
          "value": "8292196.8"
        },
        {
          "value": "8292196.8"
        },
        {
          "value": "8293536.8"
        },
        {
          "value": "8294132.4"
        },
        {
          "value": "8295511.44"
        },
        {
          "value": "8296983.0"
        },
        {
          "value": "8297961.257"
        },
        {
          "value": "8298695.25"
        },
        {
          "value": "8299266.133"
        }
      ]
    },
    {
      "seriesname": "Min Alert Threshold",
      "data": [
        {
          "value": "5528131.2"
        },
        {
          "value": "5528131.2"
        },
        {
          "value": "5528131.2"
        },
        {
          "value": "5529024.533"
        },
        {
          "value": "5529421.6"
        },
        {
          "value": "5530340.96"
        },
        {
          "value": "5531322.0"
        },
        {
          "value": "5531974.171"
        },
        {
          "value": "5532463.5"
        },
        {
          "value": "5532844.089"
        }
      ]
    },
    {
      "seriesname": "Max Abort Threshold",
      "data": [
        {
          "value": "8983213.2"
        },
        {
          "value": "8983213.2"
        },
        {
          "value": "8983213.2"
        },
        {
          "value": "8984664.867"
        },
        {
          "value": "8985310.1"
        },
        {
          "value": "8986804.06"
        },
        {
          "value": "8988398.25"
        },
        {
          "value": "8989458.029"
        },
        {
          "value": "8990253.188"
        },
        {
          "value": "8990871.644"
        }
      ]
    },
    {
      "seriesname": "Min Abort Threshold",
      "data": [
        {
          "value": "4837114.8"
        },
        {
          "value": "4837114.8"
        },
        {
          "value": "4837114.8"
        },
        {
          "value": "4837896.467"
        },
        {
          "value": "4838243.9"
        },
        {
          "value": "4839048.34"
        },
        {
          "value": "4839906.75"
        },
        {
          "value": "4840477.4"
        },
        {
          "value": "4840905.563"
        },
        {
          "value": "4841238.578"
        }
      ]
    }
  ],
  "status": {
    "responseMessage": "OK",
    "responseType": "Trending request processed successully",
    "responseCode": "200"
  }
}