{
            "feedID": "1",
            "columnID": "12",
            "rules": "",
            "pastRuns": "10",
            "dataset": [
                {
                    "seriesname": "Min Abort Threshold",
                     "dashed": 1,
                    "data": [
                        { "value": "200" }, 
                        { "value": "400" }, 
                        { "value": "500" }, 
                        { "value": "471" }, 
                        { "value": "560" }, 
                        { "value": "768" }, 
                        { "value": "890" },
                        { "value": "985" }
                    ]
                }, 
                {
                    "seriesname": "Min Alert Threshold",
                     "dashed": 1,
                    "data": [
                        { "value": "152" }, 
                        { "value": "236" }, 
                        { "value": "500" }, 
                        { "value": "658" }, 
                        { "value": "785" }, 
                        { "value": "790" }, 
                        { "value": "965" },
                        { "value": "1258" }
                    ]
                },
                 {
                    "seriesname": "Volume",
                     "dashed": 0,
                    "data": [
                        { "value": "500" }, 
                        { "value": "800" }, 
                        { "value": "1523" }, 
                        { "value": "1865" }, 
                        { "value": "2654" }, 
                        { "value": "2900" }, 
                        { "value": "3598" },
                        { "value": "4000" }
                    ]
                },
                 {
                    "seriesname": "Max Abort Threshold",
                     "dashed": 1,
                    "data": [
                        { "value": "800" }, 
                        { "value": "952" }, 
                        { "value": "1023" }, 
                        { "value": "1254" }, 
                        { "value": "1358" }, 
                        { "value": "1578" }, 
                        { "value": "2589" },
                        { "value": "2968" }
                    ]
                },
                 {
                    "seriesname": "Max Alert Threshold",
                     "dashed": 1,
                    "data": [
                        { "value": "564" }, 
                        { "value": "852" }, 
                        { "value": "954" }, 
                        { "value": "1456" }, 
                        { "value": "1863" }, 
                        { "value": "2563" }, 
                        { "value": "3569" },
                        { "value": "3896" }
                    ]
                }

            ],
            "status": {
                "responseMessage": "Success",
                "responseType": "info",
                "responseCode": 200
            }
        }