{
  "feedID": "157",
  "pastRuns": "28",
  "dataset": [
    {
      "seriesname": "Volume",
      "data": [
        {
          "value": "6910164"
        },
        {
          "value": "6910164"
        },
        {
          "value": "6913514"
        },
        {
          "value": "6913266"
        },
        {
          "value": "6917523"
        },
        {
          "value": "6920284"
        },
        {
          "value": "6919859"
        },
        {
          "value": "6919861"
        },
        {
          "value": "6919861"
        },
        {
          "value": "6920640"
        },
        {
          "value": "6920805"
        },
        {
          "value": "6920042"
        },
        {
          "value": "6920146"
        },
        {
          "value": "6920201"
        },
        {
          "value": "6920256"
        },
        {
          "value": "6868672"
        },
        {
          "value": "6861915"
        },
        {
          "value": "6866494"
        },
        {
          "value": "6870004"
        },
        {
          "value": "6863974"
        },
        {
          "value": "6875322"
        },
        {
          "value": "6875575"
        },
        {
          "value": "6380403"
        },
        {
          "value": "6387356"
        },
        {
          "value": "6369031"
        },
        {
          "value": "6370197"
        },
        {
          "value": "6372652"
        },
        {
          "value": "5000000"
        }
      ]
    },
    {
      "seriesname": "Max Alert Threshold",
      "data": [
        {
          "value": "8292196.8"
        },
        {
          "value": "8292196.8"
        },
        {
          "value": "8292196.8"
        },
        {
          "value": "8293536.8"
        },
        {
          "value": "8294132.4"
        },
        {
          "value": "8295511.44"
        },
        {
          "value": "8296983.0"
        },
        {
          "value": "8297961.257"
        },
        {
          "value": "8298695.25"
        },
        {
          "value": "8299266.133"
        },
        {
          "value": "8299816.32"
        },
        {
          "value": "8299816.32"
        },
        {
          "value": "8299816.32"
        },
        {
          "value": "8299816.32"
        },
        {
          "value": "8299816.32"
        },
        {
          "value": "8299816.32"
        },
        {
          "value": "8299816.32"
        },
        {
          "value": "8299816.32"
        },
        {
          "value": "8284683.84"
        },
        {
          "value": "8278701.0"
        },
        {
          "value": "8271901.08"
        },
        {
          "value": "8266443.12"
        },
        {
          "value": "8261107.08"
        },
        {
          "value": "8196337.92"
        },
        {
          "value": "8132396.52"
        },
        {
          "value": "8066249.52"
        },
        {
          "value": "8006432.52"
        },
        {
          "value": "7947720.96"
        }
      ]
    },
    {
      "seriesname": "Min Alert Threshold",
      "data": [
        {
          "value": "5528131.2"
        },
        {
          "value": "5528131.2"
        },
        {
          "value": "5528131.2"
        },
        {
          "value": "5529024.533"
        },
        {
          "value": "5529421.6"
        },
        {
          "value": "5530340.96"
        },
        {
          "value": "5531322.0"
        },
        {
          "value": "5531974.171"
        },
        {
          "value": "5532463.5"
        },
        {
          "value": "5532844.089"
        },
        {
          "value": "5533210.88"
        },
        {
          "value": "5533210.88"
        },
        {
          "value": "5533210.88"
        },
        {
          "value": "5533210.88"
        },
        {
          "value": "5533210.88"
        },
        {
          "value": "5533210.88"
        },
        {
          "value": "5533210.88"
        },
        {
          "value": "5533210.88"
        },
        {
          "value": "5523122.56"
        },
        {
          "value": "5519134.0"
        },
        {
          "value": "5514600.72"
        },
        {
          "value": "5510962.08"
        },
        {
          "value": "5507404.72"
        },
        {
          "value": "5464225.28"
        },
        {
          "value": "5421597.68"
        },
        {
          "value": "5377499.68"
        },
        {
          "value": "5337621.68"
        },
        {
          "value": "5298480.64"
        }
      ]
    },
    {
      "seriesname": "Max Abort Threshold",
      "data": [
        {
          "value": "8983213.2"
        },
        {
          "value": "8983213.2"
        },
        {
          "value": "8983213.2"
        },
        {
          "value": "8984664.867"
        },
        {
          "value": "8985310.1"
        },
        {
          "value": "8986804.06"
        },
        {
          "value": "8988398.25"
        },
        {
          "value": "8989458.029"
        },
        {
          "value": "8990253.188"
        },
        {
          "value": "8990871.644"
        },
        {
          "value": "8991467.68"
        },
        {
          "value": "8991467.68"
        },
        {
          "value": "8991467.68"
        },
        {
          "value": "8991467.68"
        },
        {
          "value": "8991467.68"
        },
        {
          "value": "8991467.68"
        },
        {
          "value": "8991467.68"
        },
        {
          "value": "8991467.68"
        },
        {
          "value": "8975074.16"
        },
        {
          "value": "8968592.75"
        },
        {
          "value": "8961226.17"
        },
        {
          "value": "8955313.38"
        },
        {
          "value": "8949532.67"
        },
        {
          "value": "8879366.08"
        },
        {
          "value": "8810096.23"
        },
        {
          "value": "8738436.98"
        },
        {
          "value": "8673635.23"
        },
        {
          "value": "8610031.04"
        }
      ]
    },
    {
      "seriesname": "Min Abort Threshold",
      "data": [
        {
          "value": "4837114.8"
        },
        {
          "value": "4837114.8"
        },
        {
          "value": "4837114.8"
        },
        {
          "value": "4837896.467"
        },
        {
          "value": "4838243.9"
        },
        {
          "value": "4839048.34"
        },
        {
          "value": "4839906.75"
        },
        {
          "value": "4840477.4"
        },
        {
          "value": "4840905.563"
        },
        {
          "value": "4841238.578"
        },
        {
          "value": "4841559.52"
        },
        {
          "value": "4841559.52"
        },
        {
          "value": "4841559.52"
        },
        {
          "value": "4841559.52"
        },
        {
          "value": "4841559.52"
        },
        {
          "value": "4841559.52"
        },
        {
          "value": "4841559.52"
        },
        {
          "value": "4841559.52"
        },
        {
          "value": "4832732.24"
        },
        {
          "value": "4829242.25"
        },
        {
          "value": "4825275.63"
        },
        {
          "value": "4822091.82"
        },
        {
          "value": "4818979.13"
        },
        {
          "value": "4781197.12"
        },
        {
          "value": "4743897.97"
        },
        {
          "value": "4705312.22"
        },
        {
          "value": "4670418.97"
        },
        {
          "value": "4636170.56"
        }
      ]
    }
  ],
  "status": {
    "responseMessage": "OK",
    "responseType": "Trending request processed successully",
    "responseCode": "200"
  }
}