{
  "feedID": "157",
  "pastRuns": "20",
  "dataset": [
    {
      "seriesname": "Volume",
      "data": [
        {
          "value": "6910164"
        },
        {
          "value": "6910164"
        },
        {
          "value": "6913514"
        },
        {
          "value": "6913266"
        },
        {
          "value": "6917523"
        },
        {
          "value": "6920284"
        },
        {
          "value": "6919859"
        },
        {
          "value": "6919861"
        },
        {
          "value": "6919861"
        },
        {
          "value": "6920640"
        },
        {
          "value": "6920805"
        },
        {
          "value": "6920042"
        },
        {
          "value": "6920146"
        },
        {
          "value": "6920201"
        },
        {
          "value": "6920256"
        },
        {
          "value": "6868672"
        },
        {
          "value": "6861915"
        },
        {
          "value": "6866494"
        },
        {
          "value": "6870004"
        },
        {
          "value": "6863974"
        }
      ]
    },
    {
      "seriesname": "Max Alert Threshold",
      "data": [
        {
          "value": "8292196.8"
        },
        {
          "value": "8292196.8"
        },
        {
          "value": "8292196.8"
        },
        {
          "value": "8293536.8"
        },
        {
          "value": "8294132.4"
        },
        {
          "value": "8295511.44"
        },
        {
          "value": "8296983.0"
        },
        {
          "value": "8297961.257"
        },
        {
          "value": "8298695.25"
        },
        {
          "value": "8299266.133"
        },
        {
          "value": "8299816.32"
        },
        {
          "value": "8299816.32"
        },
        {
          "value": "8299816.32"
        },
        {
          "value": "8299816.32"
        },
        {
          "value": "8299816.32"
        },
        {
          "value": "8299816.32"
        },
        {
          "value": "8299816.32"
        },
        {
          "value": "8299816.32"
        },
        {
          "value": "8284683.84"
        },
        {
          "value": "8278701.0"
        }
      ]
    },
    {
      "seriesname": "Min Alert Threshold",
      "data": [
        {
          "value": "5528131.2"
        },
        {
          "value": "5528131.2"
        },
        {
          "value": "5528131.2"
        },
        {
          "value": "5529024.533"
        },
        {
          "value": "5529421.6"
        },
        {
          "value": "5530340.96"
        },
        {
          "value": "5531322.0"
        },
        {
          "value": "5531974.171"
        },
        {
          "value": "5532463.5"
        },
        {
          "value": "5532844.089"
        },
        {
          "value": "5533210.88"
        },
        {
          "value": "5533210.88"
        },
        {
          "value": "5533210.88"
        },
        {
          "value": "5533210.88"
        },
        {
          "value": "5533210.88"
        },
        {
          "value": "5533210.88"
        },
        {
          "value": "5533210.88"
        },
        {
          "value": "5533210.88"
        },
        {
          "value": "5523122.56"
        },
        {
          "value": "5519134.0"
        }
      ]
    },
    {
      "seriesname": "Max Abort Threshold",
      "data": [
        {
          "value": "8983213.2"
        },
        {
          "value": "8983213.2"
        },
        {
          "value": "8983213.2"
        },
        {
          "value": "8984664.867"
        },
        {
          "value": "8985310.1"
        },
        {
          "value": "8986804.06"
        },
        {
          "value": "8988398.25"
        },
        {
          "value": "8989458.029"
        },
        {
          "value": "8990253.188"
        },
        {
          "value": "8990871.644"
        },
        {
          "value": "8991467.68"
        },
        {
          "value": "8991467.68"
        },
        {
          "value": "8991467.68"
        },
        {
          "value": "8991467.68"
        },
        {
          "value": "8991467.68"
        },
        {
          "value": "8991467.68"
        },
        {
          "value": "8991467.68"
        },
        {
          "value": "8991467.68"
        },
        {
          "value": "8975074.16"
        },
        {
          "value": "8968592.75"
        }
      ]
    },
    {
      "seriesname": "Min Abort Threshold",
      "data": [
        {
          "value": "4837114.8"
        },
        {
          "value": "4837114.8"
        },
        {
          "value": "4837114.8"
        },
        {
          "value": "4837896.467"
        },
        {
          "value": "4838243.9"
        },
        {
          "value": "4839048.34"
        },
        {
          "value": "4839906.75"
        },
        {
          "value": "4840477.4"
        },
        {
          "value": "4840905.563"
        },
        {
          "value": "4841238.578"
        },
        {
          "value": "4841559.52"
        },
        {
          "value": "4841559.52"
        },
        {
          "value": "4841559.52"
        },
        {
          "value": "4841559.52"
        },
        {
          "value": "4841559.52"
        },
        {
          "value": "4841559.52"
        },
        {
          "value": "4841559.52"
        },
        {
          "value": "4841559.52"
        },
        {
          "value": "4832732.24"
        },
        {
          "value": "4829242.25"
        }
      ]
    }
  ],
  "status": {
    "responseMessage": "OK",
    "responseType": "Trending request processed successully",
    "responseCode": "200"
  }
}