{
  "feedID": "157",
  "columnID": "3",
  "pastRuns": "10",
  "dataset": [
    {
      "seriesname": "Data Type Hit",
      "data": [
        {
          "value": "0"
        },
        {
          "value": "0"
        },
        {
          "value": "0"
        },
        {
          "value": "0"
        },
        {
          "value": "0"
        },
        {
          "value": "0"
        },
        {
          "value": "0"
        },
        {
          "value": "0"
        },
        {
          "value": "0"
        },
        {
          "value": "0"
        }
      ]
    },
    {
      "seriesname": "Distinct Values",
      "data": [
        {
          "value": "6751675"
        },
        {
          "value": "6751675"
        },
        {
          "value": "6754955"
        },
        {
          "value": "6754710"
        },
        {
          "value": "6758898"
        },
        {
          "value": "6761594"
        },
        {
          "value": "6761170"
        },
        {
          "value": "6761172"
        },
        {
          "value": "6761172"
        },
        {
          "value": "6761943"
        }
      ]
    },
    {
      "seriesname": "Null Values",
      "data": [
        {
          "value": "0"
        },
        {
          "value": "0"
        },
        {
          "value": "0"
        },
        {
          "value": "0"
        },
        {
          "value": "0"
        },
        {
          "value": "0"
        },
        {
          "value": "0"
        },
        {
          "value": "0"
        },
        {
          "value": "0"
        },
        {
          "value": "0"
        }
      ]
    },
    {
      "seriesname": "Average",
      "data": [
        {
          "value": "3.71330722323284E11"
        },
        {
          "value": "3.71331347437129E11"
        },
        {
          "value": "3.71338677411049E11"
        },
        {
          "value": "3.71337302292595E11"
        },
        {
          "value": "3.7135078953869E11"
        },
        {
          "value": "3.71343625383282E11"
        },
        {
          "value": "3.71341906046949E11"
        },
        {
          "value": "3.71341914892618E11"
        },
        {
          "value": "3.71342071424182E11"
        },
        {
          "value": "3.71330674181966E11"
        }
      ]
    },
    {
      "seriesname": "Record Count",
      "data": [
        {
          "value": "6910164"
        },
        {
          "value": "6910164"
        },
        {
          "value": "6913514"
        },
        {
          "value": "6913266"
        },
        {
          "value": "6917523"
        },
        {
          "value": "6920284"
        },
        {
          "value": "6919859"
        },
        {
          "value": "6919861"
        },
        {
          "value": "6919861"
        },
        {
          "value": "6920640"
        }
      ]
    },
    {
      "seriesname": "Min Value",
      "data": [
        {
          "value": "115015.0"
        },
        {
          "value": "115015.0"
        },
        {
          "value": "115015.0"
        },
        {
          "value": "115015.0"
        },
        {
          "value": "115015.0"
        },
        {
          "value": "115015.0"
        },
        {
          "value": "115015.0"
        },
        {
          "value": "115015.0"
        },
        {
          "value": "115015.0"
        },
        {
          "value": "115015.0"
        }
      ]
    },
    {
      "seriesname": "Max Value",
      "data": [
        {
          "value": "8.99919069015E11"
        },
        {
          "value": "8.99919069015E11"
        },
        {
          "value": "8.99919069015E11"
        },
        {
          "value": "8.99919069015E11"
        },
        {
          "value": "8.99919069015E11"
        },
        {
          "value": "8.99919069015E11"
        },
        {
          "value": "8.99919069015E11"
        },
        {
          "value": "8.99919069015E11"
        },
        {
          "value": "8.99919069015E11"
        },
        {
          "value": "8.99919069015E11"
        }
      ]
    }
  ],
  "status": {
    "responseMessage": "OK",
    "responseType": "Trending request processed successully",
    "responseCode": "200"
  }
}