{
            "feedID": "1",
            "columnID": "12",
            "statID": "",
            "pastRuns": "10",
            "dataset": [
                {
                    "seriesname": "stats",
                    "data": [
                        { "value": "50" }, 
                        { "value": "400" }, 
                        { "value": "500" }, 
                        { "value": "471" }, 
                        { "value": "560" }, 
                        { "value": "768" }, 
                        { "value": "890" },
                        { "value": "985" },
                        { "value": "500" }, 
                        { "value": "800" }, 
                        { "value": "1523" }, 
                        { "value": "1865" }, 
                        { "value": "2654" }, 
                        { "value": "2900" }, 
                        { "value": "3598" },
                        { "value": "800" }, 
                        { "value": "952" }, 
                        { "value": "1023" }, 
                        { "value": "1254" }, 
                        { "value": "1358" }, 
                        { "value": "1578" }, 
                        { "value": "2589" },
                        { "value": "2968" },
                        { "value": "4000" }
                    ]
                }

            ],
            "status": {
                "responseMessage": "Success",
                "responseType": "info",
                "responseCode": 200
            }
        }