{
  "feedID": "FeedID",
  "feedName": "feedName",
  "columns": [
    {
      "columnName": "col1",
      "dataType": "STRING(20)",
      "dataFormat": "",
      "startDate": "06/21/2015",
      "endDate": "06/24/2015",
      "userId": "a.atri@tcs.com",
      "showRule": false,
      "rules": [
        {
          "columnName": "col1",
          "ruleID": "rule1",
          "ruleParameter": "usd",
          "pastRuns": "10",
          "userID": "a.atri@tcs.com",
          "startDate": "06/21/2015",
          "endDate": "06/24/2015",
          "thresholdType": "Absolute",
          "minAlertThreshold": "10",
          "minAbortThreshold": "10",
          "maxAlertThreshold": "20",
          "maxAbortThreshold": "20"
        },
        {
          "columnName": "col1",
          "ruleID": "rule2",
          "ruleParameter": "usd",
          "pastRuns": "10",
          "userID": "a.atri@tcs.com",
          "startDate": "06/21/2015",
          "endDate": "06/24/2015",
          "thresholdType": "Absolute",
          "minAlertThreshold": "10",
          "minAbortThreshold": "10",
          "maxAlertThreshold": "20",
          "maxAbortThreshold": "20"
        }
      ]
    },
    {
      "columnName": "col2",
      "dataType": "date",
      "dataFormat": "dd/mm/yyyy",
      "startDate": "06/21/2015",
      "endDate": "06/24/2015",
      "userId": "a.atri@tcs.com",
      "showRule": false,
      "rules": [
        {
          "columnName": "col2",
          "ruleID": "rule1",
          "ruleParameter": "usd",
          "pastRuns": "10",
          "userID": "a.atri@tcs.com",
          "startDate": "06/18/2015",
          "endDate": "06/21/2015",
          "thresholdType": "Percentage",
          "minAlertThreshold": "10",
          "minAbortThreshold": "10",
          "maxAlertThreshold": "20",
          "maxAbortThreshold": "20"
        }
      ]
    }
  ]
}