{
  "feedID": "1",
  "pastRun": "10",
  "result": [
    {
      "name": "stateName",
      "text": "",
      "status": 2,
      "children": [
        {
          "name": "Feed Action:ABORT",
          "text": "",
          "status": 2,
          "children": [
            {
              "name": "Min Abort Threshold Value : 0.0",
              
              "status": 2
            },
            {
              "name": "Min Alert Threshold Value : 0.0",
               
              "status": 2
            },
            {
              "name": "Feed Volume:19",
              
              "status": 2
            },
            {
              "name": "Max Abort Threshold Value : 0.0",
              
              "status": 2
            },
            {
              "name": "Max Alert Threshold Value : 0.0",
             
              "status": 2
            }
          ]
        },
        {
          "name": "Column Action:PASS",
           "text": "",
          "status": 0,
          "children": [
            {
              "name": "9",
              "text": "Distinct Values:1, Null Values Count:0, Average:14.0, Data type hit:0, Record Count:19, Min Value:14.0, Max Value: 14.0",
              "status": 1,
              "children": [
                {
                  "name": "Rule:1, Hit Count:0",
                  "text": "",
                  "status": 1
                }
              ]
            },
            {
              "name": "10",
              "text": "Distinct Values:1, Null Values Count:0, Average:0.0, Data type hit:0, Record Count:19, Min Value:0.0, Max Value: 0.0",
              "status": 1,
              "children": [
                {
                  "name": "Rule:1, Hit Count:0",
                  "text": "",
                  "status": 1
                }
              ]
            },
            {
              "name": "6",
              "text": "Distinct Values:19, Null Values Count:0, Average:3.7101016661526E10, Data type hit:0, Record Count:19, Min Value:3.7101003436E10, Max Value: 3.7101030468E10",
              "status": 1,
              "children": [
                {
                  "name": "Rule:1, Hit Count:0",
                  "text": "",
                  "status": 1
                },
                {
                  "name": "Rule:2, Hit Count:0",
                  "text": "",
                  "status": 1
                }
              ]
            },
            {
              "name": "3",
              "text": "Distinct Values:1, Null Values Count:0, Average:0.0, Data type hit:0, Record Count:19, Min Value:0.0, Max Value: 0.0",
              "status": 1,
              "children": [
                {
                  "name": "Rule:1, Hit Count:0",
                  "text": "",
                  "status": 1
                },
                {
                  "name": "Rule:2, Hit Count:0",
                  "text": "",
                  "status": 1
                }
              ]
            },
            {
              "name": "7",
              "text": "Distinct Values:1, Null Values Count:0, Average:2.0, Data type hit:0, Record Count:19, Min Value:2.0, Max Value: 2.0",
              "status": 1,
              "children": [
                {
                  "name": "Rule:1, Hit Count:0",
                  "text": "",
                  "status": 1
                }
              ]
            },
            {
              "name": "2",
              "text": "Distinct Values:1, Null Values Count:0, Average:0.0, Data type hit:0, Record Count:19, Min Value:0.0, Max Value: 0.0",
              "status": 1,
              "children": [
                {
                  "name": "Rule:1, Hit Count:0",
                  "text": "",
                  "status": 1
                }
              ]
            },
            {
              "name": "13",
              "text": "Distinct Values:19, Null Values Count:0, Average:1993.579, Data type hit:0, Record Count:19, Min Value:82.0, Max Value: 17777.0",
              "status": 1,
              "children": [
                {
                  "name": "Rule:1, Hit Count:0",
                  "text": "",
                  "status": 1
                }
              ]
            },
            {
              "name": "11",
              "text": "Distinct Values:1, Null Values Count:0, Average:0.0, Data type hit:0, Record Count:19, Min Value:0.0, Max Value: 0.0",
              "status": 1,
              "children": [
                {
                  "name": "Rule:1, Hit Count:0",
                  "text": "",
                  "status": 1
                }
              ]
            },
            {
              "name": "12",
              "text": "Distinct Values:1, Null Values Count:0, Average:16.0, Data type hit:0, Record Count:19, Min Value:16.0, Max Value: 16.0",
              "status": 1,
              "children": [
                {
                  "name": "Rule:1, Hit Count:0",
                  "text": "",
                  "status": 1
                }
              ]
            },
            {
              "name": "1",
              "text": "Distinct Values:1, Null Values Count:0, Average:0.0, Data type hit:0, Record Count:19, Min Value:0.0, Max Value: 0.0",
              "status": 1,
              "children": [
                {
                  "name": "Rule:1, Hit Count:0",
                  "text": "",
                  "status": 1
                }
              ]
            },
            {
              "name": "8",
              "text": "Distinct Values:1, Null Values Count:0, Average:0.0, Data type hit:0, Record Count:19, Min Value:0.0, Max Value: 0.0",
              "status": 1,
              "children": [
                {
                  "name": "Rule:1, Hit Count:0",
                  "text": "",
                  "status": 1
                }
              ]
            },
            {
              "name": "5",
              "text": "Distinct Values:1, Null Values Count:0, Average:0.0, Data type hit:0, Record Count:19, Min Value:0.0, Max Value: 0.0",
              "status": 1,
              "children": [
                {
                  "name": "Rule:1, Hit Count:0",
                  "text": "",
                  "status": 1
                }
              ]
            },
            {
              "name": "4",
              "text": "Distinct Values:1, Null Values Count:0, Average:0.0, Data type hit:0, Record Count:19, Min Value:0.0, Max Value: 0.0",
              "status": 1,
              "children": [
                {
                  "name": "Rule:1, Hit Count:0",
                  "text": "",
                  "status": 1
                },
                {
                  "name": "Rule:2, Hit Count:0",
                  "text": "",
                  "status": 1
                }
              ]
            }
          ]
        }
      ]
    }
  ]
}
