{
  "feedID": "157",
  "pastRun": "10",
  "result": [
    {
      "name": "08/14/2015",
      "text": "157",
      "status": 2,
      "parent": "157",
      "children": [
        {
          "name": "Feed Action:ALERT",
          "status": 2,
          "parent": "157",
          "children": [
            {
              "name": "Min Abort Threshold Value : 4636170.56",
              "status": 2,
              "parent": "157"
            },
            {
              "name": "Min Alert Threshold Value : 5298480.64",
              "status": 2,
              "parent": "157"
            },
            {
              "name": "Feed Volume:5000000",
              "status": 2,
              "parent": "157"
            },
            {
              "name": "Max Abort Threshold Value : 8610031.04",
              "status": 2,
              "parent": "157"
            },
            {
              "name": "Max Alert Threshold Value : 7947720.96",
              "status": 2,
              "parent": "157"
            }
          ]
        },
        {
          "name": "Column Action:ABORT",
          "status": 3,
          "parent": "157",
          "children": [
            {
              "name": "offerdetail_id",
              "text": "Distinct Values:3, Null Values Count:0, Average:0.0, Data type hit:0, Record Count:5000000, Min Value:0.0, Max Value: 0.0",
              "status": 1,
              "parent": "157",
              "children": [
                {
                  "name": "Rule:NULL_COUNT, Hit Count:0",
                  "text": "",
                  "status": 1,
                  "parent": "157"
                }
              ]
            },
            {
              "name": "prod_ia_cd",
              "text": "Distinct Values:66, Null Values Count:0, Average:0.0, Data type hit:0, Record Count:5000000, Min Value:0.0, Max Value: 0.0",
              "status": 1,
              "parent": "157",
              "children": [
                {
                  "name": "Rule:NULL_COUNT, Hit Count:0",
                  "text": "",
                  "status": 1,
                  "parent": "157"
                }
              ]
            },
            {
              "name": "portfolio_cd",
              "text": "Distinct Values:2, Null Values Count:0, Average:0.0, Data type hit:0, Record Count:5000000, Min Value:0.0, Max Value: 0.0",
              "status": 1,
              "parent": "157",
              "children": [
                {
                  "name": "Rule:VALID_VALUE, Hit Count:0",
                  "text": "",
                  "status": 1,
                  "parent": "157"
                },
                {
                  "name": "Rule:DATA_TYPE_CHECK, Hit Count:0",
                  "text": "",
                  "status": 1,
                  "parent": "157"
                }
              ]
            },
            {
              "name": "cust_xref_id",
              "text": "Distinct Values:4874283, Null Values Count:0, Average:3.34364542171454E11, Data type hit:0, Record Count:5000000, Min Value:115015.0, Max Value: 8.99919171016E11",
              "status": 1,
              "parent": "157",
              "children": [
                {
                  "name": "Rule:NULL_COUNT, Hit Count:0",
                  "text": "",
                  "status": 1,
                  "parent": "157"
                }
              ]
            },
            {
              "name": "Offer_id",
              "text": "Distinct Values:3, Null Values Count:0, Average:0.0, Data type hit:0, Record Count:5000000, Min Value:0.0, Max Value: 0.0",
              "status": 1,
              "parent": "157",
              "children": [
                {
                  "name": "Rule:NULL_COUNT, Hit Count:0",
                  "text": "",
                  "status": 1,
                  "parent": "157"
                }
              ]
            },
            {
              "name": "business_unit_desc",
              "text": "Distinct Values:2, Null Values Count:0, Average:0.0, Data type hit:0, Record Count:5000000, Min Value:0.0, Max Value: 0.0",
              "status": 1,
              "parent": "157",
              "children": [
                {
                  "name": "Rule:VALID_VALUE, Hit Count:0",
                  "text": "",
                  "status": 1,
                  "parent": "157"
                },
                {
                  "name": "Rule:DATA_TYPE_CHECK, Hit Count:0",
                  "text": "",
                  "status": 1,
                  "parent": "157"
                }
              ]
            },
            {
              "name": "account_tenure",
              "text": "Distinct Values:672, Null Values Count:0, Average:90.077, Data type hit:0, Record Count:5000000, Min Value:2.0, Max Value: 689.0",
              "status": 1,
              "parent": "157",
              "children": [
                {
                  "name": "Rule:DATA_TYPE_CHECK, Hit Count:0",
                  "text": "",
                  "status": 1,
                  "parent": "157"
                }
              ]
            },
            {
              "name": "cm11",
              "text": "Distinct Values:5000000, Null Values Count:0, Average:3.7502382140306E10, Data type hit:0, Record Count:5000000, Min Value:3.712732759E10, Max Value: 4.7127391509E10",
              "status": 3,
              "parent": "157",
              "children": [
                {
                  "name": "Rule:NULL_COUNT, Hit Count:0",
                  "text": "",
                  "status": 1,
                  "parent": "157"
                },
                {
                  "name": "Rule:CM11_CHECK, Hit Count:4",
                  "text": "",
                  "status": 3,
                  "parent": "157"
                },
                {
                  "name": "Rule:DATA_TYPE_CHECK, Hit Count:0",
                  "text": "",
                  "status": 1,
                  "parent": "157"
                }
              ]
            },
            {
              "name": "business_org_desc",
              "text": "Distinct Values:3, Null Values Count:0, Average:0.0, Data type hit:0, Record Count:5000000, Min Value:0.0, Max Value: 0.0",
              "status": 1,
              "parent": "157",
              "children": [
                {
                  "name": "Rule:NULL_COUNT, Hit Count:0",
                  "text": "",
                  "status": 1,
                  "parent": "157"
                }
              ]
            },
            {
              "name": "Supp Number",
              "text": "Distinct Values:1, Null Values Count:0, Average:0.0, Data type hit:0, Record Count:5000000, Min Value:0.0, Max Value: 0.0",
              "status": 1,
              "parent": "157",
              "children": [
                {
                  "name": "Rule:IN_RANGE, Hit Count:0",
                  "text": "",
                  "status": 1,
                  "parent": "157"
                },
                {
                  "name": "Rule:DATA_TYPE_CHECK, Hit Count:0",
                  "text": "",
                  "status": 1,
                  "parent": "157"
                }
              ]
            }
          ]
        }
      ]
    },
    {
      "name": "08/11/2015",
      "text": "155",
      "status": 1,
      "parent": "155",
      "children": [
        {
          "name": "Feed Action:PASS",
          "status": 1,
          "parent": "155",
          "children": [
            {
              "name": "Min Abort Threshold Value : 4670418.97",
              "status": 1,
              "parent": "155"
            },
            {
              "name": "Min Alert Threshold Value : 5337621.68",
              "status": 1,
              "parent": "155"
            },
            {
              "name": "Feed Volume:6372652",
              "status": 1,
              "parent": "155"
            },
            {
              "name": "Max Abort Threshold Value : 8673635.23",
              "status": 1,
              "parent": "155"
            },
            {
              "name": "Max Alert Threshold Value : 8006432.52",
              "status": 1,
              "parent": "155"
            }
          ]
        },
        {
          "name": "Column Action:PASS",
          "status": 1,
          "parent": "155",
          "children": [
            {
              "name": "offerdetail_id",
              "text": "Distinct Values:3, Null Values Count:0, Average:0.0, Data type hit:0, Record Count:6372652, Min Value:0.0, Max Value: 0.0",
              "status": 1,
              "parent": "155",
              "children": [
                {
                  "name": "Rule:NULL_COUNT, Hit Count:0",
                  "text": "",
                  "status": 1,
                  "parent": "155"
                }
              ]
            },
            {
              "name": "prod_ia_cd",
              "text": "Distinct Values:66, Null Values Count:0, Average:0.0, Data type hit:0, Record Count:6372652, Min Value:0.0, Max Value: 0.0",
              "status": 1,
              "parent": "155",
              "children": [
                {
                  "name": "Rule:NULL_COUNT, Hit Count:0",
                  "text": "",
                  "status": 1,
                  "parent": "155"
                }
              ]
            },
            {
              "name": "business_org_desc",
              "text": "Distinct Values:3, Null Values Count:0, Average:0.0, Data type hit:0, Record Count:6372652, Min Value:0.0, Max Value: 0.0",
              "status": 1,
              "parent": "155",
              "children": [
                {
                  "name": "Rule:NULL_COUNT, Hit Count:0",
                  "text": "",
                  "status": 1,
                  "parent": "155"
                }
              ]
            },
            {
              "name": "cust_xref_id",
              "text": "Distinct Values:6225166, Null Values Count:0, Average:3.4442396308446E11, Data type hit:0, Record Count:6372652, Min Value:115015.0, Max Value: 8.99919171016E11",
              "status": 1,
              "parent": "155",
              "children": [
                {
                  "name": "Rule:NULL_COUNT, Hit Count:0",
                  "text": "",
                  "status": 1,
                  "parent": "155"
                }
              ]
            },
            {
              "name": "portfolio_cd",
              "text": "Distinct Values:2, Null Values Count:0, Average:0.0, Data type hit:0, Record Count:6372652, Min Value:0.0, Max Value: 0.0",
              "status": 1,
              "parent": "155",
              "children": [
                {
                  "name": "Rule:VALID_VALUE, Hit Count:0",
                  "text": "",
                  "status": 1,
                  "parent": "155"
                },
                {
                  "name": "Rule:DATA_TYPE_CHECK, Hit Count:0",
                  "text": "",
                  "status": 1,
                  "parent": "155"
                }
              ]
            },
            {
              "name": "Supp Number",
              "text": "Distinct Values:1, Null Values Count:0, Average:0.0, Data type hit:0, Record Count:6372652, Min Value:0.0, Max Value: 0.0",
              "status": 1,
              "parent": "155",
              "children": [
                {
                  "name": "Rule:IN_RANGE, Hit Count:0",
                  "text": "",
                  "status": 1,
                  "parent": "155"
                },
                {
                  "name": "Rule:DATA_TYPE_CHECK, Hit Count:0",
                  "text": "",
                  "status": 1,
                  "parent": "155"
                }
              ]
            },
            {
              "name": "cm11",
              "text": "Distinct Values:6372652, Null Values Count:0, Average:3.7544427239397E10, Data type hit:0, Record Count:6372652, Min Value:3.712732759E10, Max Value: 3.7978501805E10",
              "status": 1,
              "parent": "155",
              "children": [
                {
                  "name": "Rule:NULL_COUNT, Hit Count:0",
                  "text": "",
                  "status": 1,
                  "parent": "155"
                },
                {
                  "name": "Rule:CM11_CHECK, Hit Count:0",
                  "text": "",
                  "status": 1,
                  "parent": "155"
                },
                {
                  "name": "Rule:DATA_TYPE_CHECK, Hit Count:0",
                  "text": "",
                  "status": 1,
                  "parent": "155"
                }
              ]
            },
            {
              "name": "account_tenure",
              "text": "Distinct Values:672, Null Values Count:0, Average:79.168, Data type hit:0, Record Count:6372652, Min Value:2.0, Max Value: 689.0",
              "status": 1,
              "parent": "155",
              "children": [
                {
                  "name": "Rule:DATA_TYPE_CHECK, Hit Count:0",
                  "text": "",
                  "status": 1,
                  "parent": "155"
                }
              ]
            },
            {
              "name": "business_unit_desc",
              "text": "Distinct Values:2, Null Values Count:0, Average:0.0, Data type hit:0, Record Count:6372652, Min Value:0.0, Max Value: 0.0",
              "status": 1,
              "parent": "155",
              "children": [
                {
                  "name": "Rule:VALID_VALUE, Hit Count:0",
                  "text": "",
                  "status": 1,
                  "parent": "155"
                },
                {
                  "name": "Rule:DATA_TYPE_CHECK, Hit Count:0",
                  "text": "",
                  "status": 1,
                  "parent": "155"
                }
              ]
            },
            {
              "name": "Offer_id",
              "text": "Distinct Values:3, Null Values Count:0, Average:0.0, Data type hit:0, Record Count:6372652, Min Value:0.0, Max Value: 0.0",
              "status": 1,
              "parent": "155",
              "children": [
                {
                  "name": "Rule:NULL_COUNT, Hit Count:0",
                  "text": "",
                  "status": 1,
                  "parent": "155"
                }
              ]
            }
          ]
        }
      ]
    },
    {
      "name": "08/11/2015",
      "text": "154",
      "status": 1,
      "parent": "154",
      "children": [
        {
          "name": "Feed Action:PASS",
          "status": 1,
          "parent": "154",
          "children": [
            {
              "name": "Min Abort Threshold Value : 4705312.22",
              "status": 1,
              "parent": "154"
            },
            {
              "name": "Min Alert Threshold Value : 5377499.68",
              "status": 1,
              "parent": "154"
            },
            {
              "name": "Feed Volume:6370197",
              "status": 1,
              "parent": "154"
            },
            {
              "name": "Max Abort Threshold Value : 8738436.98",
              "status": 1,
              "parent": "154"
            },
            {
              "name": "Max Alert Threshold Value : 8066249.52",
              "status": 1,
              "parent": "154"
            }
          ]
        },
        {
          "name": "Column Action:PASS",
          "status": 1,
          "parent": "154",
          "children": [
            {
              "name": "offerdetail_id",
              "text": "Distinct Values:3, Null Values Count:0, Average:0.0, Data type hit:0, Record Count:6370197, Min Value:0.0, Max Value: 0.0",
              "status": 1,
              "parent": "154",
              "children": [
                {
                  "name": "Rule:NULL_COUNT, Hit Count:0",
                  "text": "",
                  "status": 1,
                  "parent": "154"
                }
              ]
            },
            {
              "name": "prod_ia_cd",
              "text": "Distinct Values:66, Null Values Count:0, Average:0.0, Data type hit:0, Record Count:6370197, Min Value:0.0, Max Value: 0.0",
              "status": 1,
              "parent": "154",
              "children": [
                {
                  "name": "Rule:NULL_COUNT, Hit Count:0",
                  "text": "",
                  "status": 1,
                  "parent": "154"
                }
              ]
            },
            {
              "name": "portfolio_cd",
              "text": "Distinct Values:2, Null Values Count:0, Average:0.0, Data type hit:0, Record Count:6370197, Min Value:0.0, Max Value: 0.0",
              "status": 1,
              "parent": "154",
              "children": [
                {
                  "name": "Rule:VALID_VALUE, Hit Count:0",
                  "text": "",
                  "status": 1,
                  "parent": "154"
                },
                {
                  "name": "Rule:DATA_TYPE_CHECK, Hit Count:0",
                  "text": "",
                  "status": 1,
                  "parent": "154"
                }
              ]
            },
            {
              "name": "cust_xref_id",
              "text": "Distinct Values:6222759, Null Values Count:0, Average:3.44466463686108E11, Data type hit:0, Record Count:6370197, Min Value:115015.0, Max Value: 8.99919171016E11",
              "status": 1,
              "parent": "154",
              "children": [
                {
                  "name": "Rule:NULL_COUNT, Hit Count:0",
                  "text": "",
                  "status": 1,
                  "parent": "154"
                }
              ]
            },
            {
              "name": "Supp Number",
              "text": "Distinct Values:1, Null Values Count:0, Average:0.0, Data type hit:0, Record Count:6370197, Min Value:0.0, Max Value: 0.0",
              "status": 1,
              "parent": "154",
              "children": [
                {
                  "name": "Rule:IN_RANGE, Hit Count:0",
                  "text": "",
                  "status": 1,
                  "parent": "154"
                },
                {
                  "name": "Rule:DATA_TYPE_CHECK, Hit Count:0",
                  "text": "",
                  "status": 1,
                  "parent": "154"
                }
              ]
            },
            {
              "name": "business_org_desc",
              "text": "Distinct Values:3, Null Values Count:0, Average:0.0, Data type hit:0, Record Count:6370197, Min Value:0.0, Max Value: 0.0",
              "status": 1,
              "parent": "154",
              "children": [
                {
                  "name": "Rule:NULL_COUNT, Hit Count:0",
                  "text": "",
                  "status": 1,
                  "parent": "154"
                }
              ]
            },
            {
              "name": "cm11",
              "text": "Distinct Values:6370197, Null Values Count:0, Average:3.7544582496062E10, Data type hit:0, Record Count:6370197, Min Value:3.712732759E10, Max Value: 3.7978501805E10",
              "status": 1,
              "parent": "154",
              "children": [
                {
                  "name": "Rule:NULL_COUNT, Hit Count:0",
                  "text": "",
                  "status": 1,
                  "parent": "154"
                },
                {
                  "name": "Rule:DATA_TYPE_CHECK, Hit Count:0",
                  "text": "",
                  "status": 1,
                  "parent": "154"
                },
                {
                  "name": "Rule:CM11_CHECK, Hit Count:0",
                  "text": "",
                  "status": 1,
                  "parent": "154"
                }
              ]
            },
            {
              "name": "account_tenure",
              "text": "Distinct Values:673, Null Values Count:0, Average:79.155, Data type hit:0, Record Count:6370197, Min Value:2.0, Max Value: 689.0",
              "status": 1,
              "parent": "154",
              "children": [
                {
                  "name": "Rule:DATA_TYPE_CHECK, Hit Count:0",
                  "text": "",
                  "status": 1,
                  "parent": "154"
                }
              ]
            },
            {
              "name": "business_unit_desc",
              "text": "Distinct Values:2, Null Values Count:0, Average:0.0, Data type hit:0, Record Count:6370197, Min Value:0.0, Max Value: 0.0",
              "status": 1,
              "parent": "154",
              "children": [
                {
                  "name": "Rule:DATA_TYPE_CHECK, Hit Count:0",
                  "text": "",
                  "status": 1,
                  "parent": "154"
                },
                {
                  "name": "Rule:VALID_VALUE, Hit Count:0",
                  "text": "",
                  "status": 1,
                  "parent": "154"
                }
              ]
            },
            {
              "name": "Offer_id",
              "text": "Distinct Values:3, Null Values Count:0, Average:0.0, Data type hit:0, Record Count:6370197, Min Value:0.0, Max Value: 0.0",
              "status": 1,
              "parent": "154",
              "children": [
                {
                  "name": "Rule:NULL_COUNT, Hit Count:0",
                  "text": "",
                  "status": 1,
                  "parent": "154"
                }
              ]
            }
          ]
        }
      ]
    },
    {
      "name": "08/11/2015",
      "text": "153",
      "status": 1,
      "parent": "153",
      "children": [
        {
          "name": "Feed Action:PASS",
          "status": 1,
          "parent": "153",
          "children": [
            {
              "name": "Min Abort Threshold Value : 4743897.97",
              "status": 1,
              "parent": "153"
            },
            {
              "name": "Min Alert Threshold Value : 5421597.68",
              "status": 1,
              "parent": "153"
            },
            {
              "name": "Feed Volume:6369031",
              "status": 1,
              "parent": "153"
            },
            {
              "name": "Max Abort Threshold Value : 8810096.23",
              "status": 1,
              "parent": "153"
            },
            {
              "name": "Max Alert Threshold Value : 8132396.52",
              "status": 1,
              "parent": "153"
            }
          ]
        },
        {
          "name": "Column Action:PASS",
          "status": 1,
          "parent": "153",
          "children": [
            {
              "name": "offerdetail_id",
              "text": "Distinct Values:3, Null Values Count:0, Average:0.0, Data type hit:0, Record Count:6369031, Min Value:0.0, Max Value: 0.0",
              "status": 1,
              "parent": "153",
              "children": [
                {
                  "name": "Rule:NULL_COUNT, Hit Count:0",
                  "text": "",
                  "status": 1,
                  "parent": "153"
                }
              ]
            },
            {
              "name": "prod_ia_cd",
              "text": "Distinct Values:66, Null Values Count:0, Average:0.0, Data type hit:0, Record Count:6369031, Min Value:0.0, Max Value: 0.0",
              "status": 1,
              "parent": "153",
              "children": [
                {
                  "name": "Rule:NULL_COUNT, Hit Count:0",
                  "text": "",
                  "status": 1,
                  "parent": "153"
                }
              ]
            },
            {
              "name": "portfolio_cd",
              "text": "Distinct Values:2, Null Values Count:0, Average:0.0, Data type hit:0, Record Count:6369031, Min Value:0.0, Max Value: 0.0",
              "status": 1,
              "parent": "153",
              "children": [
                {
                  "name": "Rule:VALID_VALUE, Hit Count:0",
                  "text": "",
                  "status": 1,
                  "parent": "153"
                },
                {
                  "name": "Rule:DATA_TYPE_CHECK, Hit Count:0",
                  "text": "",
                  "status": 1,
                  "parent": "153"
                }
              ]
            },
            {
              "name": "cust_xref_id",
              "text": "Distinct Values:6221613, Null Values Count:0, Average:3.44447668254868E11, Data type hit:0, Record Count:6369031, Min Value:115015.0, Max Value: 8.99919171016E11",
              "status": 1,
              "parent": "153",
              "children": [
                {
                  "name": "Rule:NULL_COUNT, Hit Count:0",
                  "text": "",
                  "status": 1,
                  "parent": "153"
                }
              ]
            },
            {
              "name": "business_org_desc",
              "text": "Distinct Values:3, Null Values Count:0, Average:0.0, Data type hit:0, Record Count:6369031, Min Value:0.0, Max Value: 0.0",
              "status": 1,
              "parent": "153",
              "children": [
                {
                  "name": "Rule:NULL_COUNT, Hit Count:0",
                  "text": "",
                  "status": 1,
                  "parent": "153"
                }
              ]
            },
            {
              "name": "Supp Number",
              "text": "Distinct Values:1, Null Values Count:0, Average:0.0, Data type hit:0, Record Count:6369031, Min Value:0.0, Max Value: 0.0",
              "status": 1,
              "parent": "153",
              "children": [
                {
                  "name": "Rule:IN_RANGE, Hit Count:0",
                  "text": "",
                  "status": 1,
                  "parent": "153"
                },
                {
                  "name": "Rule:DATA_TYPE_CHECK, Hit Count:0",
                  "text": "",
                  "status": 1,
                  "parent": "153"
                }
              ]
            },
            {
              "name": "cm11",
              "text": "Distinct Values:6369031, Null Values Count:0, Average:3.7544677140784E10, Data type hit:0, Record Count:6369031, Min Value:3.712732759E10, Max Value: 3.7978501805E10",
              "status": 1,
              "parent": "153",
              "children": [
                {
                  "name": "Rule:NULL_COUNT, Hit Count:0",
                  "text": "",
                  "status": 1,
                  "parent": "153"
                },
                {
                  "name": "Rule:CM11_CHECK, Hit Count:0",
                  "text": "",
                  "status": 1,
                  "parent": "153"
                },
                {
                  "name": "Rule:DATA_TYPE_CHECK, Hit Count:0",
                  "text": "",
                  "status": 1,
                  "parent": "153"
                }
              ]
            },
            {
              "name": "account_tenure",
              "text": "Distinct Values:673, Null Values Count:0, Average:79.075, Data type hit:0, Record Count:6369031, Min Value:2.0, Max Value: 689.0",
              "status": 1,
              "parent": "153",
              "children": [
                {
                  "name": "Rule:DATA_TYPE_CHECK, Hit Count:0",
                  "text": "",
                  "status": 1,
                  "parent": "153"
                }
              ]
            },
            {
              "name": "business_unit_desc",
              "text": "Distinct Values:2, Null Values Count:0, Average:0.0, Data type hit:0, Record Count:6369031, Min Value:0.0, Max Value: 0.0",
              "status": 1,
              "parent": "153",
              "children": [
                {
                  "name": "Rule:VALID_VALUE, Hit Count:0",
                  "text": "",
                  "status": 1,
                  "parent": "153"
                },
                {
                  "name": "Rule:DATA_TYPE_CHECK, Hit Count:0",
                  "text": "",
                  "status": 1,
                  "parent": "153"
                }
              ]
            },
            {
              "name": "Offer_id",
              "text": "Distinct Values:3, Null Values Count:0, Average:0.0, Data type hit:0, Record Count:6369031, Min Value:0.0, Max Value: 0.0",
              "status": 1,
              "parent": "153",
              "children": [
                {
                  "name": "Rule:NULL_COUNT, Hit Count:0",
                  "text": "",
                  "status": 1,
                  "parent": "153"
                }
              ]
            }
          ]
        }
      ]
    },
    {
      "name": "08/11/2015",
      "text": "152",
      "status": 1,
      "parent": "152",
      "children": [
        {
          "name": "Feed Action:PASS",
          "status": 1,
          "parent": "152",
          "children": [
            {
              "name": "Min Abort Threshold Value : 4781197.12",
              "status": 1,
              "parent": "152"
            },
            {
              "name": "Min Alert Threshold Value : 5464225.28",
              "status": 1,
              "parent": "152"
            },
            {
              "name": "Feed Volume:6387356",
              "status": 1,
              "parent": "152"
            },
            {
              "name": "Max Abort Threshold Value : 8879366.08",
              "status": 1,
              "parent": "152"
            },
            {
              "name": "Max Alert Threshold Value : 8196337.92",
              "status": 1,
              "parent": "152"
            }
          ]
        },
        {
          "name": "Column Action:PASS",
          "status": 1,
          "parent": "152",
          "children": [
            {
              "name": "offerdetail_id",
              "text": "Distinct Values:3, Null Values Count:0, Average:0.0, Data type hit:0, Record Count:6387356, Min Value:0.0, Max Value: 0.0",
              "status": 1,
              "parent": "152",
              "children": [
                {
                  "name": "Rule:NULL_COUNT, Hit Count:0",
                  "text": "",
                  "status": 1,
                  "parent": "152"
                }
              ]
            },
            {
              "name": "prod_ia_cd",
              "text": "Distinct Values:66, Null Values Count:0, Average:0.0, Data type hit:0, Record Count:6387356, Min Value:0.0, Max Value: 0.0",
              "status": 1,
              "parent": "152",
              "children": [
                {
                  "name": "Rule:NULL_COUNT, Hit Count:0",
                  "text": "",
                  "status": 1,
                  "parent": "152"
                }
              ]
            },
            {
              "name": "portfolio_cd",
              "text": "Distinct Values:2, Null Values Count:0, Average:0.0, Data type hit:0, Record Count:6387356, Min Value:0.0, Max Value: 0.0",
              "status": 1,
              "parent": "152",
              "children": [
                {
                  "name": "Rule:VALID_VALUE, Hit Count:0",
                  "text": "",
                  "status": 1,
                  "parent": "152"
                },
                {
                  "name": "Rule:DATA_TYPE_CHECK, Hit Count:0",
                  "text": "",
                  "status": 1,
                  "parent": "152"
                }
              ]
            },
            {
              "name": "cust_xref_id",
              "text": "Distinct Values:6239097, Null Values Count:0, Average:3.44178403648744E11, Data type hit:0, Record Count:6387356, Min Value:115015.0, Max Value: 8.99919171016E11",
              "status": 1,
              "parent": "152",
              "children": [
                {
                  "name": "Rule:NULL_COUNT, Hit Count:0",
                  "text": "",
                  "status": 1,
                  "parent": "152"
                }
              ]
            },
            {
              "name": "business_org_desc",
              "text": "Distinct Values:4, Null Values Count:0, Average:0.0, Data type hit:0, Record Count:6387356, Min Value:0.0, Max Value: 0.0",
              "status": 1,
              "parent": "152",
              "children": [
                {
                  "name": "Rule:NULL_COUNT, Hit Count:0",
                  "text": "",
                  "status": 1,
                  "parent": "152"
                }
              ]
            },
            {
              "name": "Supp Number",
              "text": "Distinct Values:1, Null Values Count:0, Average:0.0, Data type hit:0, Record Count:6387356, Min Value:0.0, Max Value: 0.0",
              "status": 1,
              "parent": "152",
              "children": [
                {
                  "name": "Rule:IN_RANGE, Hit Count:0",
                  "text": "",
                  "status": 1,
                  "parent": "152"
                },
                {
                  "name": "Rule:DATA_TYPE_CHECK, Hit Count:0",
                  "text": "",
                  "status": 1,
                  "parent": "152"
                }
              ]
            },
            {
              "name": "cm11",
              "text": "Distinct Values:6387356, Null Values Count:0, Average:3.7543392994833E10, Data type hit:0, Record Count:6387356, Min Value:3.712732759E10, Max Value: 3.7978501805E10",
              "status": 1,
              "parent": "152",
              "children": [
                {
                  "name": "Rule:NULL_COUNT, Hit Count:0",
                  "text": "",
                  "status": 1,
                  "parent": "152"
                },
                {
                  "name": "Rule:CM11_CHECK, Hit Count:0",
                  "text": "",
                  "status": 1,
                  "parent": "152"
                },
                {
                  "name": "Rule:DATA_TYPE_CHECK, Hit Count:0",
                  "text": "",
                  "status": 1,
                  "parent": "152"
                }
              ]
            },
            {
              "name": "account_tenure",
              "text": "Distinct Values:673, Null Values Count:0, Average:79.18, Data type hit:0, Record Count:6387356, Min Value:2.0, Max Value: 689.0",
              "status": 1,
              "parent": "152",
              "children": [
                {
                  "name": "Rule:DATA_TYPE_CHECK, Hit Count:0",
                  "text": "",
                  "status": 1,
                  "parent": "152"
                }
              ]
            },
            {
              "name": "business_unit_desc",
              "text": "Distinct Values:2, Null Values Count:0, Average:0.0, Data type hit:0, Record Count:6387356, Min Value:0.0, Max Value: 0.0",
              "status": 1,
              "parent": "152",
              "children": [
                {
                  "name": "Rule:VALID_VALUE, Hit Count:0",
                  "text": "",
                  "status": 1,
                  "parent": "152"
                },
                {
                  "name": "Rule:DATA_TYPE_CHECK, Hit Count:0",
                  "text": "",
                  "status": 1,
                  "parent": "152"
                }
              ]
            },
            {
              "name": "Offer_id",
              "text": "Distinct Values:3, Null Values Count:0, Average:0.0, Data type hit:0, Record Count:6387356, Min Value:0.0, Max Value: 0.0",
              "status": 1,
              "parent": "152",
              "children": [
                {
                  "name": "Rule:NULL_COUNT, Hit Count:0",
                  "text": "",
                  "status": 1,
                  "parent": "152"
                }
              ]
            }
          ]
        }
      ]
    },
    {
      "name": "08/11/2015",
      "text": "151",
      "status": 1,
      "parent": "151",
      "children": [
        {
          "name": "Feed Action:PASS",
          "status": 1,
          "parent": "151",
          "children": [
            {
              "name": "Min Abort Threshold Value : 4818979.13",
              "status": 1,
              "parent": "151"
            },
            {
              "name": "Min Alert Threshold Value : 5507404.72",
              "status": 1,
              "parent": "151"
            },
            {
              "name": "Feed Volume:6380403",
              "status": 1,
              "parent": "151"
            },
            {
              "name": "Max Abort Threshold Value : 8949532.67",
              "status": 1,
              "parent": "151"
            },
            {
              "name": "Max Alert Threshold Value : 8261107.08",
              "status": 1,
              "parent": "151"
            }
          ]
        },
        {
          "name": "Column Action:PASS",
          "status": 1,
          "parent": "151",
          "children": [
            {
              "name": "offerdetail_id",
              "text": "Distinct Values:3, Null Values Count:0, Average:0.0, Data type hit:0, Record Count:6380403, Min Value:0.0, Max Value: 0.0",
              "status": 1,
              "parent": "151",
              "children": [
                {
                  "name": "Rule:NULL_COUNT, Hit Count:0",
                  "text": "",
                  "status": 1,
                  "parent": "151"
                }
              ]
            },
            {
              "name": "prod_ia_cd",
              "text": "Distinct Values:66, Null Values Count:0, Average:0.0, Data type hit:0, Record Count:6380403, Min Value:0.0, Max Value: 0.0",
              "status": 1,
              "parent": "151",
              "children": [
                {
                  "name": "Rule:NULL_COUNT, Hit Count:0",
                  "text": "",
                  "status": 1,
                  "parent": "151"
                }
              ]
            },
            {
              "name": "portfolio_cd",
              "text": "Distinct Values:2, Null Values Count:0, Average:0.0, Data type hit:0, Record Count:6380403, Min Value:0.0, Max Value: 0.0",
              "status": 1,
              "parent": "151",
              "children": [
                {
                  "name": "Rule:VALID_VALUE, Hit Count:0",
                  "text": "",
                  "status": 1,
                  "parent": "151"
                },
                {
                  "name": "Rule:DATA_TYPE_CHECK, Hit Count:0",
                  "text": "",
                  "status": 1,
                  "parent": "151"
                }
              ]
            },
            {
              "name": "cust_xref_id",
              "text": "Distinct Values:6232361, Null Values Count:0, Average:3.4424418091098E11, Data type hit:0, Record Count:6380403, Min Value:115015.0, Max Value: 8.99919171016E11",
              "status": 1,
              "parent": "151",
              "children": [
                {
                  "name": "Rule:NULL_COUNT, Hit Count:0",
                  "text": "",
                  "status": 1,
                  "parent": "151"
                }
              ]
            },
            {
              "name": "business_org_desc",
              "text": "Distinct Values:3, Null Values Count:0, Average:0.0, Data type hit:0, Record Count:6380403, Min Value:0.0, Max Value: 0.0",
              "status": 1,
              "parent": "151",
              "children": [
                {
                  "name": "Rule:NULL_COUNT, Hit Count:0",
                  "text": "",
                  "status": 1,
                  "parent": "151"
                }
              ]
            },
            {
              "name": "Supp Number",
              "text": "Distinct Values:1, Null Values Count:0, Average:0.0, Data type hit:0, Record Count:6380403, Min Value:0.0, Max Value: 0.0",
              "status": 1,
              "parent": "151",
              "children": [
                {
                  "name": "Rule:IN_RANGE, Hit Count:0",
                  "text": "",
                  "status": 1,
                  "parent": "151"
                },
                {
                  "name": "Rule:DATA_TYPE_CHECK, Hit Count:0",
                  "text": "",
                  "status": 1,
                  "parent": "151"
                }
              ]
            },
            {
              "name": "cm11",
              "text": "Distinct Values:6380403, Null Values Count:0, Average:3.7543727767117E10, Data type hit:0, Record Count:6380403, Min Value:3.712732759E10, Max Value: 3.7978501805E10",
              "status": 1,
              "parent": "151",
              "children": [
                {
                  "name": "Rule:NULL_COUNT, Hit Count:0",
                  "text": "",
                  "status": 1,
                  "parent": "151"
                },
                {
                  "name": "Rule:CM11_CHECK, Hit Count:0",
                  "text": "",
                  "status": 1,
                  "parent": "151"
                },
                {
                  "name": "Rule:DATA_TYPE_CHECK, Hit Count:0",
                  "text": "",
                  "status": 1,
                  "parent": "151"
                }
              ]
            },
            {
              "name": "account_tenure",
              "text": "Distinct Values:673, Null Values Count:0, Average:79.137, Data type hit:0, Record Count:6380403, Min Value:2.0, Max Value: 689.0",
              "status": 1,
              "parent": "151",
              "children": [
                {
                  "name": "Rule:DATA_TYPE_CHECK, Hit Count:0",
                  "text": "",
                  "status": 1,
                  "parent": "151"
                }
              ]
            },
            {
              "name": "business_unit_desc",
              "text": "Distinct Values:2, Null Values Count:0, Average:0.0, Data type hit:0, Record Count:6380403, Min Value:0.0, Max Value: 0.0",
              "status": 1,
              "parent": "151",
              "children": [
                {
                  "name": "Rule:VALID_VALUE, Hit Count:0",
                  "text": "",
                  "status": 1,
                  "parent": "151"
                },
                {
                  "name": "Rule:DATA_TYPE_CHECK, Hit Count:0",
                  "text": "",
                  "status": 1,
                  "parent": "151"
                }
              ]
            },
            {
              "name": "Offer_id",
              "text": "Distinct Values:3, Null Values Count:0, Average:0.0, Data type hit:0, Record Count:6380403, Min Value:0.0, Max Value: 0.0",
              "status": 1,
              "parent": "151",
              "children": [
                {
                  "name": "Rule:NULL_COUNT, Hit Count:0",
                  "text": "",
                  "status": 1,
                  "parent": "151"
                }
              ]
            }
          ]
        }
      ]
    },
    {
      "name": "08/11/2015",
      "text": "150",
      "status": 1,
      "parent": "150",
      "children": [
        {
          "name": "Feed Action:PASS",
          "status": 1,
          "parent": "150",
          "children": [
            {
              "name": "Min Abort Threshold Value : 4822091.82",
              "status": 1,
              "parent": "150"
            },
            {
              "name": "Min Alert Threshold Value : 5510962.08",
              "status": 1,
              "parent": "150"
            },
            {
              "name": "Feed Volume:6875575",
              "status": 1,
              "parent": "150"
            },
            {
              "name": "Max Abort Threshold Value : 8955313.38",
              "status": 1,
              "parent": "150"
            },
            {
              "name": "Max Alert Threshold Value : 8266443.12",
              "status": 1,
              "parent": "150"
            }
          ]
        },
        {
          "name": "Column Action:PASS",
          "status": 1,
          "parent": "150",
          "children": [
            {
              "name": "offerdetail_id",
              "text": "Distinct Values:3, Null Values Count:0, Average:0.0, Data type hit:0, Record Count:6875575, Min Value:0.0, Max Value: 0.0",
              "status": 1,
              "parent": "150",
              "children": [
                {
                  "name": "Rule:NULL_COUNT, Hit Count:0",
                  "text": "",
                  "status": 1,
                  "parent": "150"
                }
              ]
            },
            {
              "name": "prod_ia_cd",
              "text": "Distinct Values:66, Null Values Count:0, Average:0.0, Data type hit:0, Record Count:6875575, Min Value:0.0, Max Value: 0.0",
              "status": 1,
              "parent": "150",
              "children": [
                {
                  "name": "Rule:NULL_COUNT, Hit Count:0",
                  "text": "",
                  "status": 1,
                  "parent": "150"
                }
              ]
            },
            {
              "name": "portfolio_cd",
              "text": "Distinct Values:2, Null Values Count:0, Average:0.0, Data type hit:0, Record Count:6875575, Min Value:0.0, Max Value: 0.0",
              "status": 1,
              "parent": "150",
              "children": [
                {
                  "name": "Rule:VALID_VALUE, Hit Count:0",
                  "text": "",
                  "status": 1,
                  "parent": "150"
                },
                {
                  "name": "Rule:DATA_TYPE_CHECK, Hit Count:0",
                  "text": "",
                  "status": 1,
                  "parent": "150"
                }
              ]
            },
            {
              "name": "cust_xref_id",
              "text": "Distinct Values:6719210, Null Values Count:0, Average:3.71639552126514E11, Data type hit:0, Record Count:6875575, Min Value:115015.0, Max Value: 8.99919069015E11",
              "status": 1,
              "parent": "150",
              "children": [
                {
                  "name": "Rule:NULL_COUNT, Hit Count:0",
                  "text": "",
                  "status": 1,
                  "parent": "150"
                }
              ]
            },
            {
              "name": "business_org_desc",
              "text": "Distinct Values:3, Null Values Count:0, Average:0.0, Data type hit:0, Record Count:6875575, Min Value:0.0, Max Value: 0.0",
              "status": 1,
              "parent": "150",
              "children": [
                {
                  "name": "Rule:NULL_COUNT, Hit Count:0",
                  "text": "",
                  "status": 1,
                  "parent": "150"
                }
              ]
            },
            {
              "name": "Supp Number",
              "text": "Distinct Values:1, Null Values Count:0, Average:0.0, Data type hit:0, Record Count:6875575, Min Value:0.0, Max Value: 0.0",
              "status": 1,
              "parent": "150",
              "children": [
                {
                  "name": "Rule:IN_RANGE, Hit Count:0",
                  "text": "",
                  "status": 1,
                  "parent": "150"
                },
                {
                  "name": "Rule:DATA_TYPE_CHECK, Hit Count:0",
                  "text": "",
                  "status": 1,
                  "parent": "150"
                }
              ]
            },
            {
              "name": "cm11",
              "text": "Distinct Values:6875575, Null Values Count:0, Average:3.7665031507418E10, Data type hit:0, Record Count:6875575, Min Value:3.712732759E10, Max Value: 3.7978501805E10",
              "status": 1,
              "parent": "150",
              "children": [
                {
                  "name": "Rule:NULL_COUNT, Hit Count:0",
                  "text": "",
                  "status": 1,
                  "parent": "150"
                },
                {
                  "name": "Rule:CM11_CHECK, Hit Count:0",
                  "text": "",
                  "status": 1,
                  "parent": "150"
                },
                {
                  "name": "Rule:DATA_TYPE_CHECK, Hit Count:0",
                  "text": "",
                  "status": 1,
                  "parent": "150"
                }
              ]
            },
            {
              "name": "account_tenure",
              "text": "Distinct Values:674, Null Values Count:0, Average:59.918, Data type hit:0, Record Count:6875575, Min Value:2.0, Max Value: 689.0",
              "status": 1,
              "parent": "150",
              "children": [
                {
                  "name": "Rule:DATA_TYPE_CHECK, Hit Count:0",
                  "text": "",
                  "status": 1,
                  "parent": "150"
                }
              ]
            },
            {
              "name": "business_unit_desc",
              "text": "Distinct Values:2, Null Values Count:0, Average:0.0, Data type hit:0, Record Count:6875575, Min Value:0.0, Max Value: 0.0",
              "status": 1,
              "parent": "150",
              "children": [
                {
                  "name": "Rule:VALID_VALUE, Hit Count:0",
                  "text": "",
                  "status": 1,
                  "parent": "150"
                },
                {
                  "name": "Rule:DATA_TYPE_CHECK, Hit Count:0",
                  "text": "",
                  "status": 1,
                  "parent": "150"
                }
              ]
            },
            {
              "name": "Offer_id",
              "text": "Distinct Values:3, Null Values Count:0, Average:0.0, Data type hit:0, Record Count:6875575, Min Value:0.0, Max Value: 0.0",
              "status": 1,
              "parent": "150",
              "children": [
                {
                  "name": "Rule:NULL_COUNT, Hit Count:0",
                  "text": "",
                  "status": 1,
                  "parent": "150"
                }
              ]
            }
          ]
        }
      ]
    },
    {
      "name": "08/11/2015",
      "text": "149",
      "status": 1,
      "parent": "149",
      "children": [
        {
          "name": "Feed Action:PASS",
          "status": 1,
          "parent": "149",
          "children": [
            {
              "name": "Min Abort Threshold Value : 4825275.63",
              "status": 1,
              "parent": "149"
            },
            {
              "name": "Min Alert Threshold Value : 5514600.72",
              "status": 1,
              "parent": "149"
            },
            {
              "name": "Feed Volume:6875322",
              "status": 1,
              "parent": "149"
            },
            {
              "name": "Max Abort Threshold Value : 8961226.17",
              "status": 1,
              "parent": "149"
            },
            {
              "name": "Max Alert Threshold Value : 8271901.08",
              "status": 1,
              "parent": "149"
            }
          ]
        },
        {
          "name": "Column Action:PASS",
          "status": 1,
          "parent": "149",
          "children": [
            {
              "name": "offerdetail_id",
              "text": "Distinct Values:3, Null Values Count:0, Average:0.0, Data type hit:0, Record Count:6875322, Min Value:0.0, Max Value: 0.0",
              "status": 1,
              "parent": "149",
              "children": [
                {
                  "name": "Rule:NULL_COUNT, Hit Count:0",
                  "text": "",
                  "status": 1,
                  "parent": "149"
                }
              ]
            },
            {
              "name": "prod_ia_cd",
              "text": "Distinct Values:66, Null Values Count:0, Average:0.0, Data type hit:0, Record Count:6875322, Min Value:0.0, Max Value: 0.0",
              "status": 1,
              "parent": "149",
              "children": [
                {
                  "name": "Rule:NULL_COUNT, Hit Count:0",
                  "text": "",
                  "status": 1,
                  "parent": "149"
                }
              ]
            },
            {
              "name": "portfolio_cd",
              "text": "Distinct Values:2, Null Values Count:0, Average:0.0, Data type hit:0, Record Count:6875322, Min Value:0.0, Max Value: 0.0",
              "status": 1,
              "parent": "149",
              "children": [
                {
                  "name": "Rule:VALID_VALUE, Hit Count:0",
                  "text": "",
                  "status": 1,
                  "parent": "149"
                },
                {
                  "name": "Rule:DATA_TYPE_CHECK, Hit Count:0",
                  "text": "",
                  "status": 1,
                  "parent": "149"
                }
              ]
            },
            {
              "name": "cust_xref_id",
              "text": "Distinct Values:6718897, Null Values Count:0, Average:3.71665203523161E11, Data type hit:0, Record Count:6875322, Min Value:115015.0, Max Value: 8.99919069015E11",
              "status": 1,
              "parent": "149",
              "children": [
                {
                  "name": "Rule:NULL_COUNT, Hit Count:0",
                  "text": "",
                  "status": 1,
                  "parent": "149"
                }
              ]
            },
            {
              "name": "business_org_desc",
              "text": "Distinct Values:3, Null Values Count:0, Average:0.0, Data type hit:0, Record Count:6875322, Min Value:0.0, Max Value: 0.0",
              "status": 1,
              "parent": "149",
              "children": [
                {
                  "name": "Rule:NULL_COUNT, Hit Count:0",
                  "text": "",
                  "status": 1,
                  "parent": "149"
                }
              ]
            },
            {
              "name": "Supp Number",
              "text": "Distinct Values:1, Null Values Count:0, Average:0.0, Data type hit:0, Record Count:6875322, Min Value:0.0, Max Value: 0.0",
              "status": 1,
              "parent": "149",
              "children": [
                {
                  "name": "Rule:IN_RANGE, Hit Count:0",
                  "text": "",
                  "status": 1,
                  "parent": "149"
                },
                {
                  "name": "Rule:DATA_TYPE_CHECK, Hit Count:0",
                  "text": "",
                  "status": 1,
                  "parent": "149"
                }
              ]
            },
            {
              "name": "cm11",
              "text": "Distinct Values:6875322, Null Values Count:0, Average:3.7665068477199E10, Data type hit:0, Record Count:6875322, Min Value:3.712732759E10, Max Value: 3.7978501805E10",
              "status": 1,
              "parent": "149",
              "children": [
                {
                  "name": "Rule:NULL_COUNT, Hit Count:0",
                  "text": "",
                  "status": 1,
                  "parent": "149"
                },
                {
                  "name": "Rule:CM11_CHECK, Hit Count:0",
                  "text": "",
                  "status": 1,
                  "parent": "149"
                },
                {
                  "name": "Rule:DATA_TYPE_CHECK, Hit Count:0",
                  "text": "",
                  "status": 1,
                  "parent": "149"
                }
              ]
            },
            {
              "name": "account_tenure",
              "text": "Distinct Values:674, Null Values Count:0, Average:59.915, Data type hit:0, Record Count:6875322, Min Value:2.0, Max Value: 689.0",
              "status": 1,
              "parent": "149",
              "children": [
                {
                  "name": "Rule:DATA_TYPE_CHECK, Hit Count:0",
                  "text": "",
                  "status": 1,
                  "parent": "149"
                }
              ]
            },
            {
              "name": "business_unit_desc",
              "text": "Distinct Values:2, Null Values Count:0, Average:0.0, Data type hit:0, Record Count:6875322, Min Value:0.0, Max Value: 0.0",
              "status": 1,
              "parent": "149",
              "children": [
                {
                  "name": "Rule:VALID_VALUE, Hit Count:0",
                  "text": "",
                  "status": 1,
                  "parent": "149"
                },
                {
                  "name": "Rule:DATA_TYPE_CHECK, Hit Count:0",
                  "text": "",
                  "status": 1,
                  "parent": "149"
                }
              ]
            },
            {
              "name": "Offer_id",
              "text": "Distinct Values:3, Null Values Count:0, Average:0.0, Data type hit:0, Record Count:6875322, Min Value:0.0, Max Value: 0.0",
              "status": 1,
              "parent": "149",
              "children": [
                {
                  "name": "Rule:NULL_COUNT, Hit Count:0",
                  "text": "",
                  "status": 1,
                  "parent": "149"
                }
              ]
            }
          ]
        }
      ]
    },
    {
      "name": "08/11/2015",
      "text": "147",
      "status": 1,
      "parent": "147",
      "children": [
        {
          "name": "Feed Action:PASS",
          "status": 1,
          "parent": "147",
          "children": [
            {
              "name": "Min Abort Threshold Value : 4829242.25",
              "status": 1,
              "parent": "147"
            },
            {
              "name": "Min Alert Threshold Value : 5519134.0",
              "status": 1,
              "parent": "147"
            },
            {
              "name": "Feed Volume:6863974",
              "status": 1,
              "parent": "147"
            },
            {
              "name": "Max Abort Threshold Value : 8968592.75",
              "status": 1,
              "parent": "147"
            },
            {
              "name": "Max Alert Threshold Value : 8278701.0",
              "status": 1,
              "parent": "147"
            }
          ]
        },
        {
          "name": "Column Action:PASS",
          "status": 1,
          "parent": "147",
          "children": [
            {
              "name": "offerdetail_id",
              "text": "Distinct Values:3, Null Values Count:0, Average:0.0, Data type hit:0, Record Count:6863974, Min Value:0.0, Max Value: 0.0",
              "status": 1,
              "parent": "147",
              "children": [
                {
                  "name": "Rule:NULL_COUNT, Hit Count:0",
                  "text": "",
                  "status": 1,
                  "parent": "147"
                }
              ]
            },
            {
              "name": "prod_ia_cd",
              "text": "Distinct Values:66, Null Values Count:0, Average:0.0, Data type hit:0, Record Count:6863974, Min Value:0.0, Max Value: 0.0",
              "status": 1,
              "parent": "147",
              "children": [
                {
                  "name": "Rule:NULL_COUNT, Hit Count:0",
                  "text": "",
                  "status": 1,
                  "parent": "147"
                }
              ]
            },
            {
              "name": "portfolio_cd",
              "text": "Distinct Values:2, Null Values Count:0, Average:0.0, Data type hit:0, Record Count:6863974, Min Value:0.0, Max Value: 0.0",
              "status": 1,
              "parent": "147",
              "children": [
                {
                  "name": "Rule:VALID_VALUE, Hit Count:0",
                  "text": "",
                  "status": 1,
                  "parent": "147"
                },
                {
                  "name": "Rule:DATA_TYPE_CHECK, Hit Count:0",
                  "text": "",
                  "status": 1,
                  "parent": "147"
                }
              ]
            },
            {
              "name": "cust_xref_id",
              "text": "Distinct Values:6708180, Null Values Count:0, Average:3.71680373870297E11, Data type hit:0, Record Count:6863974, Min Value:115015.0, Max Value: 8.99919069015E11",
              "status": 1,
              "parent": "147",
              "children": [
                {
                  "name": "Rule:NULL_COUNT, Hit Count:0",
                  "text": "",
                  "status": 1,
                  "parent": "147"
                }
              ]
            },
            {
              "name": "business_org_desc",
              "text": "Distinct Values:4, Null Values Count:0, Average:0.0, Data type hit:0, Record Count:6863974, Min Value:0.0, Max Value: 0.0",
              "status": 1,
              "parent": "147",
              "children": [
                {
                  "name": "Rule:NULL_COUNT, Hit Count:0",
                  "text": "",
                  "status": 1,
                  "parent": "147"
                }
              ]
            },
            {
              "name": "Supp Number",
              "text": "Distinct Values:1, Null Values Count:0, Average:0.0, Data type hit:0, Record Count:6863974, Min Value:0.0, Max Value: 0.0",
              "status": 1,
              "parent": "147",
              "children": [
                {
                  "name": "Rule:IN_RANGE, Hit Count:0",
                  "text": "",
                  "status": 1,
                  "parent": "147"
                },
                {
                  "name": "Rule:DATA_TYPE_CHECK, Hit Count:0",
                  "text": "",
                  "status": 1,
                  "parent": "147"
                }
              ]
            },
            {
              "name": "cm11",
              "text": "Distinct Values:6863974, Null Values Count:0, Average:3.7665685001883E10, Data type hit:0, Record Count:6863974, Min Value:3.712732759E10, Max Value: 3.7978501805E10",
              "status": 1,
              "parent": "147",
              "children": [
                {
                  "name": "Rule:NULL_COUNT, Hit Count:0",
                  "text": "",
                  "status": 1,
                  "parent": "147"
                },
                {
                  "name": "Rule:CM11_CHECK, Hit Count:0",
                  "text": "",
                  "status": 1,
                  "parent": "147"
                },
                {
                  "name": "Rule:DATA_TYPE_CHECK, Hit Count:0",
                  "text": "",
                  "status": 1,
                  "parent": "147"
                }
              ]
            },
            {
              "name": "account_tenure",
              "text": "Distinct Values:674, Null Values Count:0, Average:59.556, Data type hit:0, Record Count:6863974, Min Value:2.0, Max Value: 689.0",
              "status": 1,
              "parent": "147",
              "children": [
                {
                  "name": "Rule:DATA_TYPE_CHECK, Hit Count:0",
                  "text": "",
                  "status": 1,
                  "parent": "147"
                }
              ]
            },
            {
              "name": "business_unit_desc",
              "text": "Distinct Values:2, Null Values Count:0, Average:0.0, Data type hit:0, Record Count:6863974, Min Value:0.0, Max Value: 0.0",
              "status": 1,
              "parent": "147",
              "children": [
                {
                  "name": "Rule:VALID_VALUE, Hit Count:0",
                  "text": "",
                  "status": 1,
                  "parent": "147"
                },
                {
                  "name": "Rule:DATA_TYPE_CHECK, Hit Count:0",
                  "text": "",
                  "status": 1,
                  "parent": "147"
                }
              ]
            },
            {
              "name": "Offer_id",
              "text": "Distinct Values:3, Null Values Count:0, Average:0.0, Data type hit:0, Record Count:6863974, Min Value:0.0, Max Value: 0.0",
              "status": 1,
              "parent": "147",
              "children": [
                {
                  "name": "Rule:NULL_COUNT, Hit Count:0",
                  "text": "",
                  "status": 1,
                  "parent": "147"
                }
              ]
            }
          ]
        }
      ]
    },
    {
      "name": "08/11/2015",
      "text": "146",
      "status": 1,
      "parent": "146",
      "children": [
        {
          "name": "Feed Action:PASS",
          "status": 1,
          "parent": "146",
          "children": [
            {
              "name": "Min Abort Threshold Value : 4832732.24",
              "status": 1,
              "parent": "146"
            },
            {
              "name": "Min Alert Threshold Value : 5523122.56",
              "status": 1,
              "parent": "146"
            },
            {
              "name": "Feed Volume:6870004",
              "status": 1,
              "parent": "146"
            },
            {
              "name": "Max Abort Threshold Value : 8975074.16",
              "status": 1,
              "parent": "146"
            },
            {
              "name": "Max Alert Threshold Value : 8284683.84",
              "status": 1,
              "parent": "146"
            }
          ]
        },
        {
          "name": "Column Action:PASS",
          "status": 1,
          "parent": "146",
          "children": [
            {
              "name": "offerdetail_id",
              "text": "Distinct Values:3, Null Values Count:0, Average:0.0, Data type hit:0, Record Count:6870004, Min Value:0.0, Max Value: 0.0",
              "status": 1,
              "parent": "146",
              "children": [
                {
                  "name": "Rule:NULL_COUNT, Hit Count:0",
                  "text": "",
                  "status": 1,
                  "parent": "146"
                }
              ]
            },
            {
              "name": "prod_ia_cd",
              "text": "Distinct Values:66, Null Values Count:0, Average:0.0, Data type hit:0, Record Count:6870004, Min Value:0.0, Max Value: 0.0",
              "status": 1,
              "parent": "146",
              "children": [
                {
                  "name": "Rule:NULL_COUNT, Hit Count:0",
                  "text": "",
                  "status": 1,
                  "parent": "146"
                }
              ]
            },
            {
              "name": "portfolio_cd",
              "text": "Distinct Values:2, Null Values Count:0, Average:0.0, Data type hit:0, Record Count:6870004, Min Value:0.0, Max Value: 0.0",
              "status": 1,
              "parent": "146",
              "children": [
                {
                  "name": "Rule:VALID_VALUE, Hit Count:0",
                  "text": "",
                  "status": 1,
                  "parent": "146"
                },
                {
                  "name": "Rule:DATA_TYPE_CHECK, Hit Count:0",
                  "text": "",
                  "status": 1,
                  "parent": "146"
                }
              ]
            },
            {
              "name": "cust_xref_id",
              "text": "Distinct Values:6713921, Null Values Count:0, Average:3.71621297976723E11, Data type hit:0, Record Count:6870004, Min Value:115015.0, Max Value: 8.99919069015E11",
              "status": 1,
              "parent": "146",
              "children": [
                {
                  "name": "Rule:NULL_COUNT, Hit Count:0",
                  "text": "",
                  "status": 1,
                  "parent": "146"
                }
              ]
            },
            {
              "name": "business_org_desc",
              "text": "Distinct Values:3, Null Values Count:0, Average:0.0, Data type hit:0, Record Count:6870004, Min Value:0.0, Max Value: 0.0",
              "status": 1,
              "parent": "146",
              "children": [
                {
                  "name": "Rule:NULL_COUNT, Hit Count:0",
                  "text": "",
                  "status": 1,
                  "parent": "146"
                }
              ]
            },
            {
              "name": "Supp Number",
              "text": "Distinct Values:1, Null Values Count:0, Average:0.0, Data type hit:0, Record Count:6870004, Min Value:0.0, Max Value: 0.0",
              "status": 1,
              "parent": "146",
              "children": [
                {
                  "name": "Rule:IN_RANGE, Hit Count:0",
                  "text": "",
                  "status": 1,
                  "parent": "146"
                },
                {
                  "name": "Rule:DATA_TYPE_CHECK, Hit Count:0",
                  "text": "",
                  "status": 1,
                  "parent": "146"
                }
              ]
            },
            {
              "name": "cm11",
              "text": "Distinct Values:6870004, Null Values Count:0, Average:3.7665409613839E10, Data type hit:0, Record Count:6870004, Min Value:3.712732759E10, Max Value: 3.7978501805E10",
              "status": 1,
              "parent": "146",
              "children": [
                {
                  "name": "Rule:NULL_COUNT, Hit Count:0",
                  "text": "",
                  "status": 1,
                  "parent": "146"
                },
                {
                  "name": "Rule:CM11_CHECK, Hit Count:0",
                  "text": "",
                  "status": 1,
                  "parent": "146"
                },
                {
                  "name": "Rule:DATA_TYPE_CHECK, Hit Count:0",
                  "text": "",
                  "status": 1,
                  "parent": "146"
                }
              ]
            },
            {
              "name": "account_tenure",
              "text": "Distinct Values:676, Null Values Count:0, Average:59.633, Data type hit:0, Record Count:6870004, Min Value:2.0, Max Value: 689.0",
              "status": 1,
              "parent": "146",
              "children": [
                {
                  "name": "Rule:DATA_TYPE_CHECK, Hit Count:0",
                  "text": "",
                  "status": 1,
                  "parent": "146"
                }
              ]
            },
            {
              "name": "business_unit_desc",
              "text": "Distinct Values:2, Null Values Count:0, Average:0.0, Data type hit:0, Record Count:6870004, Min Value:0.0, Max Value: 0.0",
              "status": 1,
              "parent": "146",
              "children": [
                {
                  "name": "Rule:VALID_VALUE, Hit Count:0",
                  "text": "",
                  "status": 1,
                  "parent": "146"
                },
                {
                  "name": "Rule:DATA_TYPE_CHECK, Hit Count:0",
                  "text": "",
                  "status": 1,
                  "parent": "146"
                }
              ]
            },
            {
              "name": "Offer_id",
              "text": "Distinct Values:3, Null Values Count:0, Average:0.0, Data type hit:0, Record Count:6870004, Min Value:0.0, Max Value: 0.0",
              "status": 1,
              "parent": "146",
              "children": [
                {
                  "name": "Rule:NULL_COUNT, Hit Count:0",
                  "text": "",
                  "status": 1,
                  "parent": "146"
                }
              ]
            }
          ]
        }
      ]
    }
  ],
  "status": {
    "responseMessage": "OK",
    "responseType": "Stats Report request processed successully",
    "responseCode": "200"
  }
}
