<?xml version="1.0" encoding="UTF-8"?>
<beans xmlns="http://www.springframework.org/schema/beans"
	xmlns:xsi="http://www.w3.org/2001/XMLSchema-instance"
	xsi:schemaLocation="http://www.springframework.org/schema/beans
	 http://www.springframework.org/schema/beans/spring-beans.xsd">

	<bean id="regColMdStep" class="com.aexp.gdac.zebra.portal.RegisterColumnMetadataStep">
		<constructor-arg ref="feedMetadataDAO"></constructor-arg>
		<constructor-arg ref="columnMetadataDAO"></constructor-arg>
		<constructor-arg ref="columnRuleMetadataDAO"></constructor-arg>
	</bean>
	
	<bean id="updateColMdStep" class="com.aexp.gdac.zebra.portal.UpdateColumnMetadataStep">
		<constructor-arg ref="feedMetadataDAO"></constructor-arg>
		<constructor-arg ref="columnMetadataDAO"></constructor-arg>
		<constructor-arg ref="columnRuleMetadataDAO"></constructor-arg>
	</bean>
	
	<bean id="regFeedMdStep" class="com.aexp.gdac.zebra.portal.RegisterFeedMetadataStep">
		<constructor-arg ref="feedMetadataDAO"></constructor-arg>
		<constructor-arg ref="slaMetadataDAO"></constructor-arg>
	</bean>

	<bean id="updateFeedMdStep" class="com.aexp.gdac.zebra.portal.UpdateFeedMetadataStep">
		<constructor-arg ref="feedMetadataDAO"></constructor-arg>
		<constructor-arg ref="slaMetadataDAO"></constructor-arg>
		<constructor-arg ref="columnMetadataDAO"></constructor-arg>
		<constructor-arg ref="columnRuleMetadataDAO"></constructor-arg>
	</bean>
</beans>