<?xml version="1.0" encoding="UTF-8"?>
<beans xmlns="http://www.springframework.org/schema/beans"
	xmlns:xsi="http://www.w3.org/2001/XMLSchema-instance"
	xsi:schemaLocation="http://www.springframework.org/schema/beans http://www.springframework.org/schema/beans/spring-beans.xsd">
	<!-- 
	
	Following is the bean configuration for selecting records for DB based on configuration  
	* mandatory property but not if developer mode is ON.
	** mandatory property when developer mode is ON . Property marked with * will not be considered.
	*** mandatory property with or without developer mode ON. 
	
	Following are the configurable properties
	__________________________________________
	
	*** tableName : table name 
	primaryKeyColumn : primary key of table
	* columnName : Name of column for select where clause
	* columnValue : Value of column for property columnName
	startIndex : default value is 0
	rowCount : default value is -1 for selecting all records
	
	** devModeOn : set 'true' to turn on developer mode 
	** whereClause : where clause in dev mode
	orderByClause : order by clause in dev mode
	
	-->
	
	<bean id="feedStatsGeneric" class="com.aexp.gdac.zebra.base.jdbc.model.ZTableValueTypeObjectBase">
			
			<property name="tableName" value="tbl_FeedStats" /> 
			<property name="primaryKeyColumn" value="ID" />  
			<property name="columnName"  value ="FeedName" /> 
			<property name="columnValue" value="FeedName_Zebra" /> 
			<property name="startIndex" value ="0" /> 
			<property name="rowCount" value="10" />     
			
			<property name="devModeOn" value="true" /> 
			<property name="whereClause" value="FeedName='FeedName_Zebra'"/>
			<property name="orderByClause" value="ORDER BY Volume DESC" />
						
			<property name="columnPropertyMap">
			
			<map>
			   	<entry key="ID" value="INT" />
				<entry key="FeedName" value="STRING" />
				<entry key="FeedKey" value="LONG" />
				<entry key="FileName" value="STRING" />
				<entry key="runDate" value="TIMESTAMP" />
				<entry key="Volume" value="LONG" />
				<entry key="runNumber" value="INT" />
				<entry key="Mean" value="DOUBLE" />
				<entry key="StdDev" value="DOUBLE" />
				<!--  <entry key="Format" value="DOUBEL" /> -->
				<entry key="Min_Val" value="DOUBLE" />
				<entry key="Max_Val" value="DOUBLE" />
				<entry key="Action" value="STRING" />
			</map>
		</property>
	
	</bean>

</beans>
