<?xml version="1.0" encoding="UTF-8"?>
<beans xmlns="http://www.springframework.org/schema/beans"
	xmlns:xsi="http://www.w3.org/2001/XMLSchema-instance"
	xmlns:context="http://www.springframework.org/schema/context"
	xmlns:tx="http://www.springframework.org/schema/tx"
	xsi:schemaLocation="http://www.springframework.org/schema/beans
		 http://www.springframework.org/schema/beans/spring-beans.xsd
		 	 http://www.springframework.org/schema/context
		 	 	 http://www.springframework.org/schema/context/spring-context-3.2.xsd
		 	 	 	 http://www.springframework.org/schema/tx
		 	 	 	 	 http://www.springframework.org/schema/tx/spring-tx-3.2.xsd" >
	<!-- Import table config -->
	
	
	<!-- Enable Annotation based Declarative Transaction Management -->
	<tx:annotation-driven proxy-target-class="true" transaction-manager="transactionManager" /> 
	
		<!-- Creating TransactionManager Bean, since JDBC we are creating of type DataSourceTransactionManager -->  
	<bean id="transactionManager" class="org.springframework.jdbc.datasource.DataSourceTransactionManager">       
	    <property name="dataSource" ref="dataSource" />     
	</bean>
	
	
	<!-- MySQL DataSource config with connection settings 
	
	<bean id="dataSource" class="org.springframework.jdbc.datasource.DriverManagerDataSource">
		<property name="driverClassName" value="com.mysql.jdbc.Driver" />
		<property name="url" value="jdbc:mysql://lgpbd1050.gso.aexp.com:3306/test_sg" />
		<property name="username" value="bd_apps_user" />
		<property name="password" value="passw0rd" />
	</bean>
	-->
	<!-- MS SQL DataSource config with connection settings 
	
	<bean id="dataSource" class="org.springframework.jdbc.datasource.DriverManagerDataSource">
		<property name="driverClassName" value="com.microsoft.sqlserver.jdbc.SQLServerDriver" />
		<property name="url" value="jdbc:sqlserver://WGPSCLUSTJ1.ads.aexp.com:3500;DatabaseName=Zebra;" />
		<property name="username" value="ZEBRA_ID" />
		<property name="password" value="IDN1a2s3d" />
	</bean>
	 -->
	 <!--  database pooling -->
	 <bean id="dataSource" class="org.apache.commons.dbcp.BasicDataSource" destroy-method="close">
		    <property name="driverClassName" value="${datasource.driver}" />
		    <property name="url" value="${datasource.url}" />
		    <property name="username" value="${datasource.username}" />
		    <property name="password" value="${datasource.password}" />
		    <property name="timeBetweenEvictionRunsMillis" value="300000" />
		    <property name="numTestsPerEvictionRun" value="6" />
		    <property name="minEvictableIdleTimeMillis" value="1800000" />
		   <!--  <property name="initialSize" value="3" />-->
		    <property name="maxActive" value="10" />
		    <property name="maxIdle" value="10" />
		    <property name="maxWait" value="5000" />
		    <property name="poolPreparedStatements" value="true" />
		    <property name="maxOpenPreparedStatements" value="100" />
	</bean>


	 <!--  database pooling -->
	 <bean id="dataSourceCStone" class="org.apache.commons.dbcp.BasicDataSource" destroy-method="close">
		    <property name="driverClassName" value="${datasource.cstone.driver}" />
		    <property name="url" value="${datasource.cstone.url}" />
		    <property name="username" value="${datasource.cstone.username}" />
		    <property name="password" value="${datasource.cstone.password}" />
		    <property name="timeBetweenEvictionRunsMillis" value="300000" />
		    <property name="numTestsPerEvictionRun" value="6" />
		    <property name="minEvictableIdleTimeMillis" value="1800000" />
		   <!--  <property name="initialSize" value="3" />-->
		    <property name="maxActive" value="10" />
		    <property name="maxIdle" value="10" />
		    <property name="maxWait" value="5000" />
		    <property name="poolPreparedStatements" value="true" />
		    <property name="maxOpenPreparedStatements" value="100" />
	</bean>
	
		
	<!-- used in test file  -->
	<bean id="feedStatsDAOExample" class="com.aexp.gdac.zebra.base.jdbc.main_test.FeedStatsDAOExample">
		<property name="dataSource" ref="dataSource" />
	</bean>
	
	
	<bean id="feedStatsDAO" class="com.aexp.gdac.zebra.base.jdbc.dao.FeedStatsDAO">
		<property name="dataSource" ref="dataSource" />
	</bean>
	
	<bean id="columnStatsDAO" class="com.aexp.gdac.zebra.base.jdbc.dao.ColumnStatsDAO">
		<property name="dataSource" ref="dataSource" />
	</bean>
	
		<bean id="columnRuleStatsDAO" class="com.aexp.gdac.zebra.base.jdbc.dao.ColumnRuleStatsDAO">
		<property name="dataSource" ref="dataSource" />
	</bean>
	
	<bean id="statsDAO" class="com.aexp.gdac.zebra.base.jdbc.dao.StatsDAO">
		<property name="dataSource" ref="dataSource" />
		<property name="sequenceName" value="dbo.SEQ_ZEBRA_STAT" />
	</bean>
	
	<bean id="feedMetadataDAO" class="com.aexp.gdac.zebra.base.jdbc.dao.FeedMetadataDAO">
		<property name="dataSource" ref="dataSource" />
		<property name="sequenceName" value="dbo.SEQ_ZEBRA" />
	</bean>
	
	
	<bean id="columnMetadataDAO" class="com.aexp.gdac.zebra.base.jdbc.dao.ColumnMetadataDAO">
		<property name="dataSource" ref="dataSource" />
	</bean>

	
	<bean id="columnRuleMetadataDAO" class="com.aexp.gdac.zebra.base.jdbc.dao.ColumnRuleMetadataDAO">
		<property name="dataSource" ref="dataSource" />
	</bean>
	
		
	<bean id="feedStatsGenericDAO" class="com.aexp.gdac.zebra.base.jdbc.dao.ZTableColumnValueDAO">
		<property name="tableBeanName" value="feedStatsGeneric" />
		<property name="dataSource" ref="dataSource" />
	</bean>
	
	<bean id="zebraLogsDAO" class="com.aexp.gdac.zebra.base.jdbc.dao.ZebraLogsDAO">
		<property name="dataSource" ref="dataSource" />
	</bean>
	
	<bean id="slaMetadataDAO" class="com.aexp.gdac.zebra.base.jdbc.dao.SLAMetadataDAO">
		<property name="dataSource" ref="dataSource" />
	</bean>
	
	<bean id="slaStatsDAO" class="com.aexp.gdac.zebra.base.jdbc.dao.SLAStatsDAO">
		<property name="dataSource" ref="dataSource" />
	</bean>
	
	<!--  CStone DAOs -->
	<bean id="cStoneIngestionFeeDQMStatisticsDAO" class="com.aexp.gdac.zebra.base.jdbc.dao.CStoneIngestionFeeDQMStatisticsDAO">
		<property name="dataSource" ref="dataSourceCStone" />
	</bean>

	<bean id="cStoneStorageDAO" class="com.aexp.gdac.zebra.base.jdbc.dao.CStoneStorageDAO">
		<property name="dataSource" ref="dataSourceCStone" />
	</bean>
	
	<bean id="cStoneStorageAttributeDAO" class="com.aexp.gdac.zebra.base.jdbc.dao.CStoneStorageAttributeDAO">
		<property name="dataSource" ref="dataSourceCStone" />
	</bean>
		
	
</beans>
