<?xml version="1.0" encoding="UTF-8"?>
<beans xmlns="http://www.springframework.org/schema/beans"
	xmlns:xsi="http://www.w3.org/2001/XMLSchema-instance"
	xsi:schemaLocation="http://www.springframework.org/schema/beans
	 http://www.springframework.org/schema/beans/spring-beans.xsd">

	<bean id="statsDecisionHandler" class="com.aexp.gdac.zebra.batches.statsloader.StatsDecisionHandler">
		<property name="statsDAO" ref="statsDAO"></property>
		<property name="feedStatsDAO" ref="feedStatsDAO"></property>
		<property name="columnStatsDAO" ref="columnStatsDAO"></property>
		<property name="columnRuleStatsDAO" ref="columnRuleStatsDAO"></property>
		<property name="retryCount" value="5"></property>
	</bean>

</beans>