<beans:beans xmlns="http://www.springframework.org/schema/security"
	xmlns:beans="http://www.springframework.org/schema/beans" xmlns:xsi="http://www.w3.org/2001/XMLSchema-instance"
	xsi:schemaLocation="http://www.springframework.org/schema/beans
	http://www.springframework.org/schema/beans/spring-beans-3.2.xsd
	http://www.springframework.org/schema/security
	http://www.springframework.org/schema/security/spring-security-3.2.xsd">

	<http auto-config="true" use-expressions="true" >
		<intercept-url pattern="/auth/login" access="permitAll" />
		<intercept-url pattern="/app/*" access="isFullyAuthenticated()" />
		<intercept-url pattern="/fetch_column_md" access="isFullyAuthenticated()" />
		<intercept-url pattern="/fetch_column_md/*" access="isFullyAuthenticated()" />
		<intercept-url pattern="/fetch_feed_md" access="isFullyAuthenticated()" />
		<intercept-url pattern="/fetch_feed_md/*" access="isFullyAuthenticated()" />
		<intercept-url pattern="/register_column" access="isFullyAuthenticated()" />
		<intercept-url pattern="/register_column/*" access="isFullyAuthenticated()" />
		<intercept-url pattern="/register_feed" access="isFullyAuthenticated()" />
		<intercept-url pattern="/register_feed/*" access="isFullyAuthenticated()" />
		<intercept-url pattern="/update_column_md" access="isFullyAuthenticated()" />
		<intercept-url pattern="/update_column_md/*" access="isFullyAuthenticated()" />
		<intercept-url pattern="/update_feed_md" access="isFullyAuthenticated()" />
		<intercept-url pattern="/update_feed_md/*" access="isFullyAuthenticated()" />
		<intercept-url pattern="/stats_trend" access="isFullyAuthenticated()" />
		<intercept-url pattern="/stats_trend/*" access="isFullyAuthenticated()" />
		<intercept-url pattern="/cstone_storage_list*" access="isFullyAuthenticated()" />
		<intercept-url pattern="/cstone_stats_trend*" access="isFullyAuthenticated()" />
		<intercept-url pattern="/cstone_stats_trend/*" access="isFullyAuthenticated()" />
		 
	<!-- 	<intercept-url pattern="/rest/*" access="hasRole('ROLE_DCE_USER_GROUP')" /> -->
		
	<!-- 	<form-login login-page="/auth/login" default-target-url="/app/test"
			authentication-failure-url="/auth/login?error=true" />
	-->
	<form-login login-page="/" default-target-url="/user"
			authentication-failure-url="/user" />
			
		<logout logout-success-url="/user" />

	</http>
	
	<authentication-manager>
       <ldap-authentication-provider  
       		user-search-filter="${portal.security.ldap.user.search.filter}" 
        	user-search-base="${portal.security.ldap.user.search.base}"
 			group-search-filter="${portal.security.ldap.group.search.filter}"
            group-search-base="${portal.security.ldap.group.search.base}"
            group-role-attribute="${portal.security.ldap.group.role.attr}"
            role-prefix="ROLE_">
       </ldap-authentication-provider>
	</authentication-manager>
 
	<ldap-server url="${portal.security.ldap.service.url}" manager-dn="${portal.security.ldap.service.username}"
		manager-password="${portal.security.ldap.service.password}" />
		
	<!--  basic testing 
	<authentication-manager>
	  <authentication-provider>
	    <user-service>
		<user name="aatri1" password="123456" authorities="ROLE_DCE_USER_GROUP" />
		<user name="zzz" password="zzz" authorities="ROLE_DCE_USER_GROUP" />
		<user name="admin" password="123456" authorities="ROLE_ADMIN" />
		<user name="dba" password="123456" authorities="ROLE_DBA" />
	    </user-service>
	  </authentication-provider>
	</authentication-manager>
	-->
	<!-- Working configuration E1
	<authentication-manager>
       <ldap-authentication-provider  
       		user-search-filter="samaccountname={0}" 
        	user-search-base="DC=e1ads,DC=aexp,DC=com"
 			group-search-filter="DN={0}"
            group-search-base="CN=Users,DC=e1ads,DC=aexp,DC=com"
            group-role-attribute="samaccountname"
            role-prefix="ROLE_">
       </ldap-authentication-provider>
	</authentication-manager>
 
	<ldap-server url="ldap://adsdc-vip-e1-NEW.app.aexp.com:389/" manager-dn="e1ads\svc.zebratest.e1"
		manager-password="Amex@1234" />
		-->
		<!-- Configuration E3
	<authentication-manager>
       <ldap-authentication-provider  
       		user-search-filter="samaccountname={0}" 
        	user-search-base="DC=ads,DC=aexp,DC=com"
 			group-search-filter="DN={0}"
            group-search-base="CN=Users,DC=ads,DC=aexp,DC=com"
            group-role-attribute="samaccountname"
            role-prefix="ROLE_">
       </ldap-authentication-provider>
	</authentication-manager>
 
	<ldap-server url="ldap://adsdc-vip-e3.ads.aexp.com:389/" manager-dn="ads\SVC.zebraprod"
		manager-password="*TxKOU89" />
		-->
		
		
	<!-- Configuration E2
	<authentication-manager>
       <ldap-authentication-provider  
       		user-search-filter="samaccountname={0}" 
        	user-search-base="DC=e2ads,DC=aexp,DC=com"
 			group-search-filter="DN={0}"
            group-search-base="CN=Users,DC=e2ads,DC=aexp,DC=com"
            group-role-attribute="samaccountname"
            role-prefix="ROLE_">
       </ldap-authentication-provider>
	</authentication-manager>
 
	<ldap-server url="ldap://e2ads-ldap-e2ads.aexp.com:389/" manager-dn="e2ads\svc.zebratest.e2"
		manager-password="Amex@1234" />
		-->
		<!-- E2 Test credentials sgujral/Amex1234 aatri1/Amex1234-->
		
		
	<!-- from LDAP team
	<authentication-manager erase-credentials="true">
		<ldap-authentication-provider
		user-search-filter="samaccountname={0}"
		user-dn-pattern="CN=SVC.GDAC_FASTTRACK.E1,OU=ServiceAccounts,OU=Process,DC=e1ads,DC=aexp,DC=com"
		user-search-base="DC=e1ads,DC=aexp,DC=com">
		
		</ldap-authentication-provider>
	</authentication-manager>

	<ldap-server url="ldap://adsdc-vip-e1-NEW.app.aexp.com:389/" manager-dn="SVC.GDAC_FASTTRACK.E1"
		manager-password="6qs+V&lt;w-cz" />
	 	
 -->
	
<!-- FROM POD UI
	<authentication-manager erase-credentials="true">
		<ldap-authentication-provider
			user-search-filter="samaccountname={0}"
			user-search-base="DC=ADS-SSO-1,DC=AEXP,DC=COM"
			group-search-filter="member={0}"
			group-search-base="DC=ADS-SSO-1,DC=AEXP,DC=COM" 
			group-role-attribute="cn"
			role-prefix="ROLE_">
		</ldap-authentication-provider>
	</authentication-manager>

	<ldap-server url="ldap://139.71.209.136:3268/" manager-dn="ads-sso-1\appowner_dce"
		manager-password="P@$$W0rd" />
		
 -->
</beans:beans>