<beans xmlns="http://www.springframework.org/schema/beans"
	xmlns:context="http://www.springframework.org/schema/context"
	xmlns:xsi="http://www.w3.org/2001/XMLSchema-instance"
	xmlns:mvc="http://www.springframework.org/schema/mvc"
	xmlns:beans="http://www.springframework.org/schema/beans"
	xsi:schemaLocation="
        http://www.springframework.org/schema/beans     
        http://www.springframework.org/schema/beans/spring-beans-4.0.xsd
        http://www.springframework.org/schema/mvc 
        http://www.springframework.org/schema/mvc/spring-mvc-4.0.xsd
        http://www.springframework.org/schema/context 
        http://www.springframework.org/schema/context/spring-context-4.0.xsd" >
	
	<mvc:annotation-driven />
	
	<mvc:resources location="/css/" mapping="css/**"/>
	<mvc:resources location="/js/" mapping="js/**"/>
	<mvc:resources location="/img/" mapping="img/**"/>
	<mvc:resources location="/libs/" mapping="libs/**"/>
	<mvc:resources location="/partials/" mapping="partials/**"/>
	<mvc:resources location="/fonts/" mapping="fonts/**"/>
	<mvc:resources location="/sampledata/" mapping="sampledata/**"/>
	<mvc:resources location="/" mapping="*.html"/>
	<mvc:resources location="/" mapping="*.ico"/>
	
	<context:component-scan base-package="com.aexp.gdac.zebra.portal.spring.controller" />
	
	<bean
		class="org.springframework.web.servlet.view.InternalResourceViewResolver">
		<property name="prefix">
			<value>/WEB-INF/jsp/</value>
		</property>
		<property name="suffix">
			<value>.jsp</value>
		</property>
	</bean>

	<bean id="multipartResolver" class="org.springframework.web.multipart.commons.CommonsMultipartResolver">
	     <!-- one of the properties available; the maximum file size in bytes -->
	    <property name="maxUploadSize" value="1000000"/>
	</bean>

</beans>