 <assembly xmlns="http://maven.apache.org/plugins/maven-assembly-plugin/assembly/1.1.0" 
  xmlns:xsi="http://www.w3.org/2001/XMLSchema-instance"
  xsi:schemaLocation="http://maven.apache.org/plugins/maven-assembly-plugin/assembly/1.1.0 http://maven.apache.org/xsd/assembly-1.1.0.xsd">
  <id>gold-bin</id>
  <formats>
    <format>zip</format>
  </formats>
  <includeBaseDirectory>false</includeBaseDirectory>
  <baseDirectory>../monitor-util/sla-file-monitor</baseDirectory>
  
   <dependencySets>
    <dependencySet>
      <outputDirectory>/sla-file-monitor/lib</outputDirectory>
      <useProjectArtifact>true</useProjectArtifact>
      <scope>runtime</scope>
    </dependencySet>
  </dependencySets>
  
  <fileSets>
     <fileSet>
        <directory>../monitor-util/sla-file-monitor</directory>
        <useDefaultExcludes>true</useDefaultExcludes>
        <outputDirectory>/sla-file-monitor</outputDirectory>
        <fileMode>0755</fileMode>
    </fileSet>

    <fileSet>
    	<directory>../common/src/resources</directory>
      	<useDefaultExcludes>false</useDefaultExcludes>
      	<excludes>
        	<exclude>spring-config.xml</exclude>
      	</excludes>
      	<filtered>true</filtered>
      	<outputDirectory>/sla-file-monitor/resources</outputDirectory>
    </fileSet>

  </fileSets>
  
</assembly>
