<assembly
xmlns="http://maven.apache.org/plugins/maven-assembly-plugin/assembly/1.1.0"
xmlns:xsi="http://www.w3.org/2001/XMLSchema-instance"
xsi:schemaLocation="http://maven.apache.org/plugins/maven-assembly-plugin/assembly/1.1.0 http://maven.apache.org/xsd/assembly-1.1.0.xsd">
<id>dir</id>
<formats>
    <format>zip</format>
</formats>
<includeBaseDirectory>false</includeBaseDirectory>
<baseDirectory>../scripts/batches</baseDirectory>

  
<fileSets>
    <fileSet>
        <directory>../scripts/batches</directory>
        <useDefaultExcludes>true</useDefaultExcludes>
        <outputDirectory>/batches</outputDirectory>
    </fileSet>

    <fileSet>
      		<directory>../build-path-lib-tmp</directory>
      		<includes>
          		<include>*.jar</include>
          	</includes>
      		<outputDirectory>/batches/lib</outputDirectory>
   </fileSet>
   
   <fileSet>
        <directory>../base/target</directory>
        <includes>
        	<include>base.jar</include>
        </includes>
        <useDefaultExcludes>true</useDefaultExcludes>
        <outputDirectory>/batches/lib</outputDirectory>
    </fileSet>
    
    <!-- zebra mr batches jar -->
    <fileSet>
        <directory>../mr-batches/target</directory>
        <includes>
        	<include>Zebra-MR-Batches.jar</include>
        </includes>
        <useDefaultExcludes>true</useDefaultExcludes>
        <outputDirectory>/batches/lib</outputDirectory>
    </fileSet>
    
    <!-- zebra batches jar -->
    <fileSet>
        <directory>../batches/target</directory>
        <includes>
        	<include>Zebra-Batches.jar</include>
        </includes>
        <useDefaultExcludes>true</useDefaultExcludes>
        <outputDirectory>/batches/lib</outputDirectory>
    </fileSet>
    
    <!--  base jar -->
     <fileSet>
        <directory>../base/target</directory>
        <includes>
        	<include>base.jar</include>
        </includes>
        <useDefaultExcludes>true</useDefaultExcludes>
        <outputDirectory>/batches/lib</outputDirectory>
    </fileSet>
</fileSets>



</assembly> 