 <assembly xmlns="http://maven.apache.org/plugins/maven-assembly-plugin/assembly/1.1.0" 
  xmlns:xsi="http://www.w3.org/2001/XMLSchema-instance"
  xsi:schemaLocation="http://maven.apache.org/plugins/maven-assembly-plugin/assembly/1.1.0 http://maven.apache.org/xsd/assembly-1.1.0.xsd">
  <id>plat-bin</id>
  <formats>
    <format>zip</format>
  </formats>
  <includeBaseDirectory>false</includeBaseDirectory>
  <baseDirectory>../scripts/batches</baseDirectory>
  
   <dependencySets>
    <dependencySet>
      <outputDirectory>/batches-${project.version}/lib</outputDirectory>
      <useProjectArtifact>true</useProjectArtifact>
      <scope>runtime</scope>
      <excludes>
        <exclude>${project.groupId}:mr-batches*</exclude>
      </excludes>
    </dependencySet>
  </dependencySets>
  
  <fileSets>
     <fileSet>
        <directory>../scripts/batches</directory>
        <useDefaultExcludes>true</useDefaultExcludes>
        <filtered>true</filtered>
        <outputDirectory>/batches-${project.version}</outputDirectory>
        <fileMode>0755</fileMode>
    </fileSet>

    <fileSet>
    	<directory>../base/src/resources</directory>
      	<useDefaultExcludes>false</useDefaultExcludes>
      	<excludes>
        	<exclude>spring-config.xml</exclude>
      	</excludes>
      	<filtered>true</filtered>
      	<outputDirectory>/batches-${project.version}/resources</outputDirectory>
    </fileSet>
    
    
    <fileSet>
        <directory>../batches/src/resources</directory>
        <useDefaultExcludes>true</useDefaultExcludes>
        <filtered>true</filtered>
        <outputDirectory>/batches-${project.version}/resources</outputDirectory>
    </fileSet>
    
    <fileSet>
        <directory>../mr-batches/target</directory>
        <useDefaultExcludes>true</useDefaultExcludes>
        <includes>
        	<include>Zebra-MR-Batches.jar</include>
        </includes>
        <outputDirectory>/batches-${project.version}/lib/mr_lib</outputDirectory>
    </fileSet>
    
  </fileSets>
  

  
</assembly>
